compound,target,tissue,HR_score,fingerprint_alpha,fingerprint_call,ESD_rank,ESD_test_statistic,ESD_critical_value,retained_at_alpha_0p0001,source_HR_file,canonical_target_id,gene_symbol,target_name,tissue_id,tissue_class,fingerprint_rank,step,GESD_R,critical_lambda,R_minus_lambda
KETAMINE,GRIN1,PrefrontalCortex,51.88339732716959,0.001,True,1,10.454093289004406,5.0405034663917085,True,PROJECT_ROOT\02_HR_SCORES\Ketamine_Family\Pooled_Parent_Ketamine_Activity_20260813_072204\Species_Cleanup_Bounded_v2_20260813_081429\Forensic_Finalization_v3_20260813_083903\Final_Activity_v4_20260813_084842\Full_Tissue_HR_v1_20260813_085417\Expanded58_Full_Tissue_HR_v2_20260813_123324\POOLED_PARENT_KETAMINE_FULL_HR_EXPANDED58_LONG_V2.parquet,GRIN1,GRIN1,GRIN1,HSAMP_752ebc880edc13bb4e2b2de8,CNS,1,1,10.454093289004406,5.0405034663917085,5.413589822612698
KETAMINE,GRIN2C,Thyroid,44.12751138003345,0.001,True,2,9.003585357473469,5.040459301006912,True,PROJECT_ROOT\02_HR_SCORES\Ketamine_Family\Pooled_Parent_Ketamine_Activity_20260813_072204\Species_Cleanup_Bounded_v2_20260813_081429\Forensic_Finalization_v3_20260813_083903\Final_Activity_v4_20260813_084842\Full_Tissue_HR_v1_20260813_085417\Expanded58_Full_Tissue_HR_v2_20260813_123324\POOLED_PARENT_KETAMINE_FULL_HR_EXPANDED58_LONG_V2.parquet,GRIN2C,GRIN2C,GRIN2C,HSAMP_22d2b1c65f7cc72e29ac70dc,Peripheral/non-CNS,2,2,9.003585357473469,5.040459301006912,3.9631260564665567
KETAMINE,CHRM3,PrefrontalCortex,42.33065397391847,0.001,True,3,8.71764324885894,5.0404151251589004,True,PROJECT_ROOT\02_HR_SCORES\Ketamine_Family\Pooled_Parent_Ketamine_Activity_20260813_072204\Species_Cleanup_Bounded_v2_20260813_081429\Forensic_Finalization_v3_20260813_083903\Final_Activity_v4_20260813_084842\Full_Tissue_HR_v1_20260813_085417\Expanded58_Full_Tissue_HR_v2_20260813_123324\POOLED_PARENT_KETAMINE_FULL_HR_EXPANDED58_LONG_V2.parquet,CHRM3,CHRM3,CHRM3,HSAMP_752ebc880edc13bb4e2b2de8,CNS,3,3,8.71764324885894,5.0404151251589004,3.677228123700039
KETAMINE,GRIN2A,SubthalamicNucleus,41.15848503145282,0.001,True,4,8.550500167327373,5.040370938855577,True,PROJECT_ROOT\02_HR_SCORES\Ketamine_Family\Pooled_Parent_Ketamine_Activity_20260813_072204\Species_Cleanup_Bounded_v2_20260813_081429\Forensic_Finalization_v3_20260813_083903\Final_Activity_v4_20260813_084842\Full_Tissue_HR_v1_20260813_085417\Expanded58_Full_Tissue_HR_v2_20260813_123324\POOLED_PARENT_KETAMINE_FULL_HR_EXPANDED58_LONG_V2.parquet,GRIN2A,GRIN2A,GRIN2A,HSAMP_192dff4b8df5862a227b1163,CNS,4,4,8.550500167327373,5.040370938855577,3.510129228471796
KETAMINE,F2,Liver,39.097152610394204,0.001,True,5,8.190993352546565,5.040326742010565,True,PROJECT_ROOT\02_HR_SCORES\Ketamine_Family\Pooled_Parent_Ketamine_Activity_20260813_072204\Species_Cleanup_Bounded_v2_20260813_081429\Forensic_Finalization_v3_20260813_083903\Final_Activity_v4_20260813_084842\Full_Tissue_HR_v1_20260813_085417\Expanded58_Full_Tissue_HR_v2_20260813_123324\POOLED_PARENT_KETAMINE_FULL_HR_EXPANDED58_LONG_V2.parquet,F2,F2,F2,HSAMP_ebaf48a9725795ea8b3a5e45,Peripheral/non-CNS,5,5,8.190993352546565,5.040326742010565,3.1506666105359997
KETAMINE,SLC6A4,pineal_night,35.83322575068051,0.001,True,6,7.56601013491447,5.040282534631827,True,PROJECT_ROOT\02_HR_SCORES\Ketamine_Family\Pooled_Parent_Ketamine_Activity_20260813_072204\Species_Cleanup_Bounded_v2_20260813_081429\Forensic_Finalization_v3_20260813_083903\Final_Activity_v4_20260813_084842\Full_Tissue_HR_v1_20260813_085417\Expanded58_Full_Tissue_HR_v2_20260813_123324\POOLED_PARENT_KETAMINE_FULL_HR_EXPANDED58_LONG_V2.parquet,SLC6A4,SLC6A4,SLC6A4,HSAMP_ff4d2e73208c3cba5aacd6dc,Peripheral/non-CNS,6,6,7.56601013491447,5.040282534631827,2.525727600282643
KETAMINE,NR1I2,Liver,35.361600837113,0.001,True,7,7.51582375313746,5.04023831682156,True,PROJECT_ROOT\02_HR_SCORES\Ketamine_Family\Pooled_Parent_Ketamine_Activity_20260813_072204\Species_Cleanup_Bounded_v2_20260813_081429\Forensic_Finalization_v3_20260813_083903\Final_Activity_v4_20260813_084842\Full_Tissue_HR_v1_20260813_085417\Expanded58_Full_Tissue_HR_v2_20260813_123324\POOLED_PARENT_KETAMINE_FULL_HR_EXPANDED58_LONG_V2.parquet,NR1I2,NR1I2,NR1I2,HSAMP_ebaf48a9725795ea8b3a5e45,Peripheral/non-CNS,7,7,7.51582375313746,5.04023831682156,2.4755854363159004
KETAMINE,HTR1A,Liver,35.24514132329984,0.001,True,8,7.5398778187697895,5.04019408839922,True,PROJECT_ROOT\02_HR_SCORES\Ketamine_Family\Pooled_Parent_Ketamine_Activity_20260813_072204\Species_Cleanup_Bounded_v2_20260813_081429\Forensic_Finalization_v3_20260813_083903\Final_Activity_v4_20260813_084842\Full_Tissue_HR_v1_20260813_085417\Expanded58_Full_Tissue_HR_v2_20260813_123324\POOLED_PARENT_KETAMINE_FULL_HR_EXPANDED58_LONG_V2.parquet,HTR1A,HTR1A,5-hydroxytryptamine receptor 1A,HSAMP_ebaf48a9725795ea8b3a5e45,Peripheral/non-CNS,8,8,7.5398778187697895,5.04019408839922,2.4996837303705695
KETAMINE,PTGS1,SmoothMuscle,35.20527009983905,0.001,True,9,7.580712134184838,5.04014984946702,True,PROJECT_ROOT\02_HR_SCORES\Ketamine_Family\Pooled_Parent_Ketamine_Activity_20260813_072204\Species_Cleanup_Bounded_v2_20260813_081429\Forensic_Finalization_v3_20260813_083903\Final_Activity_v4_20260813_084842\Full_Tissue_HR_v1_20260813_085417\Expanded58_Full_Tissue_HR_v2_20260813_123324\POOLED_PARENT_KETAMINE_FULL_HR_EXPANDED58_LONG_V2.parquet,PTGS1,PTGS1,Prostaglandin G/H synthase 1,HSAMP_ec0052d02b5a01f9362c5f08,Peripheral/non-CNS,9,9,7.580712134184838,5.04014984946702,2.5405622847178178
KETAMINE,HTR2C,Caudatenucleus,35.09079726853597,0.001,True,10,7.606172715701287,5.040105600032905,True,PROJECT_ROOT\02_HR_SCORES\Ketamine_Family\Pooled_Parent_Ketamine_Activity_20260813_072204\Species_Cleanup_Bounded_v2_20260813_081429\Forensic_Finalization_v3_20260813_083903\Final_Activity_v4_20260813_084842\Full_Tissue_HR_v1_20260813_085417\Expanded58_Full_Tissue_HR_v2_20260813_123324\POOLED_PARENT_KETAMINE_FULL_HR_EXPANDED58_LONG_V2.parquet,HTR2C,HTR2C,HTR2C,HSAMP_a32ce488a48b0df9b8c4c40a,CNS,10,10,7.606172715701287,5.040105600032905,2.566067115668382
KETAMINE,AR,Liver,35.0529282175221,0.001,True,11,7.6486634763033585,5.040061340010669,True,PROJECT_ROOT\02_HR_SCORES\Ketamine_Family\Pooled_Parent_Ketamine_Activity_20260813_072204\Species_Cleanup_Bounded_v2_20260813_081429\Forensic_Finalization_v3_20260813_083903\Final_Activity_v4_20260813_084842\Full_Tissue_HR_v1_20260813_085417\Expanded58_Full_Tissue_HR_v2_20260813_123324\POOLED_PARENT_KETAMINE_FULL_HR_EXPANDED58_LONG_V2.parquet,AR,AR,AR,HSAMP_ebaf48a9725795ea8b3a5e45,Peripheral/non-CNS,11,11,7.6486634763033585,5.040061340010669,2.6086021362926894
KETAMINE,ADRB2,CD56+_NKCells,34.60322806363194,0.001,True,12,7.6017427504091,5.040017069408313,True,PROJECT_ROOT\02_HR_SCORES\Ketamine_Family\Pooled_Parent_Ketamine_Activity_20260813_072204\Species_Cleanup_Bounded_v2_20260813_081429\Forensic_Finalization_v3_20260813_083903\Final_Activity_v4_20260813_084842\Full_Tissue_HR_v1_20260813_085417\Expanded58_Full_Tissue_HR_v2_20260813_123324\POOLED_PARENT_KETAMINE_FULL_HR_EXPANDED58_LONG_V2.parquet,ADRB2,ADRB2,ADRB2,HSAMP_09904436c4f7d11ad19fba66,Peripheral/non-CNS,12,12,7.6017427504091,5.040017069408313,2.5617256810007873
KETAMINE,HTR2A,PrefrontalCortex,34.01844646909503,0.001,True,13,7.523476720274571,5.039972788327953,True,PROJECT_ROOT\02_HR_SCORES\Ketamine_Family\Pooled_Parent_Ketamine_Activity_20260813_072204\Species_Cleanup_Bounded_v2_20260813_081429\Forensic_Finalization_v3_20260813_083903\Final_Activity_v4_20260813_084842\Full_Tissue_HR_v1_20260813_085417\Expanded58_Full_Tissue_HR_v2_20260813_123324\POOLED_PARENT_KETAMINE_FULL_HR_EXPANDED58_LONG_V2.parquet,HTR2A,HTR2A,HTR2A,HSAMP_752ebc880edc13bb4e2b2de8,CNS,13,13,7.523476720274571,5.039972788327953,2.4835039319466183
KETAMINE,BCHE,Fetalliver,32.77925125329057,0.001,True,14,7.297671226186841,5.039928496683433,True,PROJECT_ROOT\02_HR_SCORES\Ketamine_Family\Pooled_Parent_Ketamine_Activity_20260813_072204\Species_Cleanup_Bounded_v2_20260813_081429\Forensic_Finalization_v3_20260813_083903\Final_Activity_v4_20260813_084842\Full_Tissue_HR_v1_20260813_085417\Expanded58_Full_Tissue_HR_v2_20260813_123324\POOLED_PARENT_KETAMINE_FULL_HR_EXPANDED58_LONG_V2.parquet,BCHE,BCHE,BCHE,HSAMP_11ec8224da74ddf16b7267a7,Peripheral/non-CNS,14,14,7.297671226186841,5.039928496683433,2.2577427295034083
KETAMINE,ADRB1,pineal_night,32.54688652612229,0.001,True,15,7.290688708557035,5.039884194482746,True,PROJECT_ROOT\02_HR_SCORES\Ketamine_Family\Pooled_Parent_Ketamine_Activity_20260813_072204\Species_Cleanup_Bounded_v2_20260813_081429\Forensic_Finalization_v3_20260813_083903\Final_Activity_v4_20260813_084842\Full_Tissue_HR_v1_20260813_085417\Expanded58_Full_Tissue_HR_v2_20260813_123324\POOLED_PARENT_KETAMINE_FULL_HR_EXPANDED58_LONG_V2.parquet,ADRB1,ADRB1,ADRB1,HSAMP_ff4d2e73208c3cba5aacd6dc,Peripheral/non-CNS,15,15,7.290688708557035,5.039884194482746,2.2508045140742885
KETAMINE,GABRA2,Amygdala,30.794205578915605,0.001,True,16,6.941961046265581,5.039839881733885,True,PROJECT_ROOT\02_HR_SCORES\Ketamine_Family\Pooled_Parent_Ketamine_Activity_20260813_072204\Species_Cleanup_Bounded_v2_20260813_081429\Forensic_Finalization_v3_20260813_083903\Final_Activity_v4_20260813_084842\Full_Tissue_HR_v1_20260813_085417\Expanded58_Full_Tissue_HR_v2_20260813_123324\POOLED_PARENT_KETAMINE_FULL_HR_EXPANDED58_LONG_V2.parquet,GABRA2,GABRA2,GABRA2,HSAMP_13a552b6ffc4aac3b85a50ca,CNS,16,16,6.941961046265581,5.039839881733885,1.902121164531696
KETAMINE,GABRG2,pineal_day,30.030525688259537,0.001,True,17,6.80828254517635,5.03979555844484,True,PROJECT_ROOT\02_HR_SCORES\Ketamine_Family\Pooled_Parent_Ketamine_Activity_20260813_072204\Species_Cleanup_Bounded_v2_20260813_081429\Forensic_Finalization_v3_20260813_083903\Final_Activity_v4_20260813_084842\Full_Tissue_HR_v1_20260813_085417\Expanded58_Full_Tissue_HR_v2_20260813_123324\POOLED_PARENT_KETAMINE_FULL_HR_EXPANDED58_LONG_V2.parquet,GABRG2,GABRG2,GABRG2,HSAMP_de79842831587fed1fe7bdd5,Peripheral/non-CNS,17,17,6.80828254517635,5.03979555844484,1.7684869867315092
KETAMINE,OPRM1,SuperiorCervicalGanglion,29.79636931538097,0.001,True,18,6.791683528256687,5.039751224529581,True,PROJECT_ROOT\02_HR_SCORES\Ketamine_Family\Pooled_Parent_Ketamine_Activity_20260813_072204\Species_Cleanup_Bounded_v2_20260813_081429\Forensic_Finalization_v3_20260813_083903\Final_Activity_v4_20260813_084842\Full_Tissue_HR_v1_20260813_085417\Expanded58_Full_Tissue_HR_v2_20260813_123324\POOLED_PARENT_KETAMINE_FULL_HR_EXPANDED58_LONG_V2.parquet,OPRM1,OPRM1,OPRM1,HSAMP_4b07c74fb55c64ebb8d2ff82,Peripheral/non-CNS,18,18,6.791683528256687,5.039751224529581,1.7519323037271066
KETAMINE,GRIN3A,Uterus,29.22422296269453,0.001,True,19,6.697486109084236,5.0397068800901454,True,PROJECT_ROOT\02_HR_SCORES\Ketamine_Family\Pooled_Parent_Ketamine_Activity_20260813_072204\Species_Cleanup_Bounded_v2_20260813_081429\Forensic_Finalization_v3_20260813_083903\Final_Activity_v4_20260813_084842\Full_Tissue_HR_v1_20260813_085417\Expanded58_Full_Tissue_HR_v2_20260813_123324\POOLED_PARENT_KETAMINE_FULL_HR_EXPANDED58_LONG_V2.parquet,GRIN3A,GRIN3A,GRIN3A,HSAMP_72ec5590a1fb1e5ad33841aa,Peripheral/non-CNS,19,19,6.697486109084236,5.0397068800901454,1.657779228994091
KETAMINE,HTR3A,DorsalRootGanglion,28.19506265199282,0.001,True,20,6.496443900631668,5.03966252494657,True,PROJECT_ROOT\02_HR_SCORES\Ketamine_Family\Pooled_Parent_Ketamine_Activity_20260813_072204\Species_Cleanup_Bounded_v2_20260813_081429\Forensic_Finalization_v3_20260813_083903\Final_Activity_v4_20260813_084842\Full_Tissue_HR_v1_20260813_085417\Expanded58_Full_Tissue_HR_v2_20260813_123324\POOLED_PARENT_KETAMINE_FULL_HR_EXPANDED58_LONG_V2.parquet,HTR3A,HTR3A,HTR3A,HSAMP_c276ea602882c40db43299c3,Peripheral/non-CNS,20,20,6.496443900631668,5.03966252494657,1.4567813756850985
KETAMINE,CHRM2,SkeletalMuscle,27.159674095842362,0.001,True,21,6.289862371203373,5.039618159294854,True,PROJECT_ROOT\02_HR_SCORES\Ketamine_Family\Pooled_Parent_Ketamine_Activity_20260813_072204\Species_Cleanup_Bounded_v2_20260813_081429\Forensic_Finalization_v3_20260813_083903\Final_Activity_v4_20260813_084842\Full_Tissue_HR_v1_20260813_085417\Expanded58_Full_Tissue_HR_v2_20260813_123324\POOLED_PARENT_KETAMINE_FULL_HR_EXPANDED58_LONG_V2.parquet,CHRM2,CHRM2,CHRM2,HSAMP_f4d0d5e31f4c7d8b77ed7fd8,Peripheral/non-CNS,21,21,6.289862371203373,5.039618159294854,1.2502442119085195
KETAMINE,GRIN3A,SkeletalMuscle,26.34283856541662,0.001,True,22,6.129877143406926,5.039573783142974,True,PROJECT_ROOT\02_HR_SCORES\Ketamine_Family\Pooled_Parent_Ketamine_Activity_20260813_072204\Species_Cleanup_Bounded_v2_20260813_081429\Forensic_Finalization_v3_20260813_083903\Final_Activity_v4_20260813_084842\Full_Tissue_HR_v1_20260813_085417\Expanded58_Full_Tissue_HR_v2_20260813_123324\POOLED_PARENT_KETAMINE_FULL_HR_EXPANDED58_LONG_V2.parquet,GRIN3A,GRIN3A,GRIN3A,HSAMP_f4d0d5e31f4c7d8b77ed7fd8,Peripheral/non-CNS,22,22,6.129877143406926,5.039573783142974,1.0903033602639516
KETAMINE,ABCC3,AdrenalCortex,26.30462551985659,0.001,True,23,6.1477831526412965,5.039529396217167,True,PROJECT_ROOT\02_HR_SCORES\Ketamine_Family\Pooled_Parent_Ketamine_Activity_20260813_072204\Species_Cleanup_Bounded_v2_20260813_081429\Forensic_Finalization_v3_20260813_083903\Final_Activity_v4_20260813_084842\Full_Tissue_HR_v1_20260813_085417\Expanded58_Full_Tissue_HR_v2_20260813_123324\POOLED_PARENT_KETAMINE_FULL_HR_EXPANDED58_LONG_V2.parquet,ABCC3,ABCC3,ABCC3,HSAMP_ac6343eebcc151828016a696,Peripheral/non-CNS,23,23,6.1477831526412965,5.039529396217167,1.10825375642413
KETAMINE,BCHE,Uterus,26.09472110089701,0.001,True,24,6.125858758578549,5.0394849988072545,True,PROJECT_ROOT\02_HR_SCORES\Ketamine_Family\Pooled_Parent_Ketamine_Activity_20260813_072204\Species_Cleanup_Bounded_v2_20260813_081429\Forensic_Finalization_v3_20260813_083903\Final_Activity_v4_20260813_084842\Full_Tissue_HR_v1_20260813_085417\Expanded58_Full_Tissue_HR_v2_20260813_123324\POOLED_PARENT_KETAMINE_FULL_HR_EXPANDED58_LONG_V2.parquet,BCHE,BCHE,BCHE,HSAMP_72ec5590a1fb1e5ad33841aa,Peripheral/non-CNS,24,24,6.125858758578549,5.0394849988072545,1.0863737597712948
KETAMINE,HRH2,CardiacMyocytes,24.970655473474444,0.001,True,25,5.889424092019083,5.039440590733461,True,PROJECT_ROOT\02_HR_SCORES\Ketamine_Family\Pooled_Parent_Ketamine_Activity_20260813_072204\Species_Cleanup_Bounded_v2_20260813_081429\Forensic_Finalization_v3_20260813_083903\Final_Activity_v4_20260813_084842\Full_Tissue_HR_v1_20260813_085417\Expanded58_Full_Tissue_HR_v2_20260813_123324\POOLED_PARENT_KETAMINE_FULL_HR_EXPANDED58_LONG_V2.parquet,HRH2,HRH2,HRH2,HSAMP_e317b8e8e378ff41f27f0b1f,Peripheral/non-CNS,25,25,5.889424092019083,5.039440590733461,0.8499835012856218
KETAMINE,GABRB2,Liver,24.67294806393759,0.001,True,26,5.843262156473716,5.039396172097722,True,PROJECT_ROOT\02_HR_SCORES\Ketamine_Family\Pooled_Parent_Ketamine_Activity_20260813_072204\Species_Cleanup_Bounded_v2_20260813_081429\Forensic_Finalization_v3_20260813_083903\Final_Activity_v4_20260813_084842\Full_Tissue_HR_v1_20260813_085417\Expanded58_Full_Tissue_HR_v2_20260813_123324\POOLED_PARENT_KETAMINE_FULL_HR_EXPANDED58_LONG_V2.parquet,GABRB2,GABRB2,GABRB2,HSAMP_ebaf48a9725795ea8b3a5e45,Peripheral/non-CNS,26,26,5.843262156473716,5.039396172097722,0.8038659843759941
KETAMINE,ADORA3,TestisIntersitial,24.593994645144182,0.001,True,27,5.847900180021375,5.039351742814224,True,PROJECT_ROOT\02_HR_SCORES\Ketamine_Family\Pooled_Parent_Ketamine_Activity_20260813_072204\Species_Cleanup_Bounded_v2_20260813_081429\Forensic_Finalization_v3_20260813_083903\Final_Activity_v4_20260813_084842\Full_Tissue_HR_v1_20260813_085417\Expanded58_Full_Tissue_HR_v2_20260813_123324\POOLED_PARENT_KETAMINE_FULL_HR_EXPANDED58_LONG_V2.parquet,ADORA3,ADORA3,ADORA3,HSAMP_a62a3ee5c1c7f8d220c9e92d,Peripheral/non-CNS,27,27,5.847900180021375,5.039351742814224,0.8085484372071505
KETAMINE,HRH2,Heart,24.258839144855408,0.001,True,28,5.791861907456164,5.039307302891047,True,PROJECT_ROOT\02_HR_SCORES\Ketamine_Family\Pooled_Parent_Ketamine_Activity_20260813_072204\Species_Cleanup_Bounded_v2_20260813_081429\Forensic_Finalization_v3_20260813_083903\Final_Activity_v4_20260813_084842\Full_Tissue_HR_v1_20260813_085417\Expanded58_Full_Tissue_HR_v2_20260813_123324\POOLED_PARENT_KETAMINE_FULL_HR_EXPANDED58_LONG_V2.parquet,HRH2,HRH2,HRH2,HSAMP_3cb968a982080be1d7a5df98,Peripheral/non-CNS,28,28,5.791861907456164,5.039307302891047,0.752554604565117
KETAMINE,ABCC2,PancreaticIslet,24.09755345334864,0.001,True,29,5.776204450794258,5.039262852430054,True,PROJECT_ROOT\02_HR_SCORES\Ketamine_Family\Pooled_Parent_Ketamine_Activity_20260813_072204\Species_Cleanup_Bounded_v2_20260813_081429\Forensic_Finalization_v3_20260813_083903\Final_Activity_v4_20260813_084842\Full_Tissue_HR_v1_20260813_085417\Expanded58_Full_Tissue_HR_v2_20260813_123324\POOLED_PARENT_KETAMINE_FULL_HR_EXPANDED58_LONG_V2.parquet,ABCC2,ABCC2,ABCC2,HSAMP_7e1d3d8ad4c5d2a2fce92cf6,Peripheral/non-CNS,29,29,5.776204450794258,5.039262852430054,0.7369415983642043
KETAMINE,GABRG2,pineal_night,24.046343936309185,0.001,True,30,5.786487978540135,5.039218391251717,True,PROJECT_ROOT\02_HR_SCORES\Ketamine_Family\Pooled_Parent_Ketamine_Activity_20260813_072204\Species_Cleanup_Bounded_v2_20260813_081429\Forensic_Finalization_v3_20260813_083903\Final_Activity_v4_20260813_084842\Full_Tissue_HR_v1_20260813_085417\Expanded58_Full_Tissue_HR_v2_20260813_123324\POOLED_PARENT_KETAMINE_FULL_HR_EXPANDED58_LONG_V2.parquet,GABRG2,GABRG2,GABRG2,HSAMP_ff4d2e73208c3cba5aacd6dc,Peripheral/non-CNS,30,30,5.786487978540135,5.039218391251717,0.7472695872884181
KETAMINE,OPRD1,Thalamus,23.88334419244833,0.001,True,31,5.770085989966429,5.039173919457915,True,PROJECT_ROOT\02_HR_SCORES\Ketamine_Family\Pooled_Parent_Ketamine_Activity_20260813_072204\Species_Cleanup_Bounded_v2_20260813_081429\Forensic_Finalization_v3_20260813_083903\Final_Activity_v4_20260813_084842\Full_Tissue_HR_v1_20260813_085417\Expanded58_Full_Tissue_HR_v2_20260813_123324\POOLED_PARENT_KETAMINE_FULL_HR_EXPANDED58_LONG_V2.parquet,OPRD1,OPRD1,OPRD1,HSAMP_f43595f3557cf05e6a721aeb,CNS,31,31,5.770085989966429,5.039173919457915,0.7309120705085137
KETAMINE,ABCC4,CD71+_EarlyErythroid,23.847706768559764,0.001,True,32,5.7839613226716216,5.039129437056713,True,PROJECT_ROOT\02_HR_SCORES\Ketamine_Family\Pooled_Parent_Ketamine_Activity_20260813_072204\Species_Cleanup_Bounded_v2_20260813_081429\Forensic_Finalization_v3_20260813_083903\Final_Activity_v4_20260813_084842\Full_Tissue_HR_v1_20260813_085417\Expanded58_Full_Tissue_HR_v2_20260813_123324\POOLED_PARENT_KETAMINE_FULL_HR_EXPANDED58_LONG_V2.parquet,ABCC4,ABCC4,ABCC4,HSAMP_7f7cd76adc20a6dedc171647,Peripheral/non-CNS,32,32,5.7839613226716216,5.039129437056713,0.744831885614909
KETAMINE,HRH1,SuperiorCervicalGanglion,23.776238160190598,0.001,True,33,5.7893283729264295,5.039084943962466,True,PROJECT_ROOT\02_HR_SCORES\Ketamine_Family\Pooled_Parent_Ketamine_Activity_20260813_072204\Species_Cleanup_Bounded_v2_20260813_081429\Forensic_Finalization_v3_20260813_083903\Final_Activity_v4_20260813_084842\Full_Tissue_HR_v1_20260813_085417\Expanded58_Full_Tissue_HR_v2_20260813_123324\POOLED_PARENT_KETAMINE_FULL_HR_EXPANDED58_LONG_V2.parquet,HRH1,HRH1,HRH1,HSAMP_4b07c74fb55c64ebb8d2ff82,Peripheral/non-CNS,33,33,5.7893283729264295,5.039084943962466,0.7502434289639632
KETAMINE,GRIN1,Amygdala,23.70827568184403,0.001,True,34,5.795547686725346,5.039040440183294,True,PROJECT_ROOT\02_HR_SCORES\Ketamine_Family\Pooled_Parent_Ketamine_Activity_20260813_072204\Species_Cleanup_Bounded_v2_20260813_081429\Forensic_Finalization_v3_20260813_083903\Final_Activity_v4_20260813_084842\Full_Tissue_HR_v1_20260813_085417\Expanded58_Full_Tissue_HR_v2_20260813_123324\POOLED_PARENT_KETAMINE_FULL_HR_EXPANDED58_LONG_V2.parquet,GRIN1,GRIN1,GRIN1,HSAMP_13a552b6ffc4aac3b85a50ca,CNS,34,34,5.795547686725346,5.039040440183294,0.7565072465420517
KETAMINE,MAOA,Placenta,23.691372957269884,0.001,True,35,5.814188837621164,5.0389959258209815,True,PROJECT_ROOT\02_HR_SCORES\Ketamine_Family\Pooled_Parent_Ketamine_Activity_20260813_072204\Species_Cleanup_Bounded_v2_20260813_081429\Forensic_Finalization_v3_20260813_083903\Final_Activity_v4_20260813_084842\Full_Tissue_HR_v1_20260813_085417\Expanded58_Full_Tissue_HR_v2_20260813_123324\POOLED_PARENT_KETAMINE_FULL_HR_EXPANDED58_LONG_V2.parquet,MAOA,MAOA,MAOA,HSAMP_14b6f77a96f6c06a1db07bac,Peripheral/non-CNS,35,35,5.814188837621164,5.0389959258209815,0.7751929118001826
KETAMINE,HTR2B,UterusCorpus,22.2820946068938,0.001,True,36,5.493484299589385,5.038951400789934,True,PROJECT_ROOT\02_HR_SCORES\Ketamine_Family\Pooled_Parent_Ketamine_Activity_20260813_072204\Species_Cleanup_Bounded_v2_20260813_081429\Forensic_Finalization_v3_20260813_083903\Final_Activity_v4_20260813_084842\Full_Tissue_HR_v1_20260813_085417\Expanded58_Full_Tissue_HR_v2_20260813_123324\POOLED_PARENT_KETAMINE_FULL_HR_EXPANDED58_LONG_V2.parquet,HTR2B,HTR2B,5-hydroxytryptamine receptor 2B,HSAMP_e7877e56c99f68550c426ab4,Peripheral/non-CNS,36,36,5.493484299589385,5.038951400789934,0.45453289879945125
KETAMINE,ADRA2A,Fetalbrain,22.270325025418284,0.001,True,37,5.51003855263494,5.038906865004636,True,PROJECT_ROOT\02_HR_SCORES\Ketamine_Family\Pooled_Parent_Ketamine_Activity_20260813_072204\Species_Cleanup_Bounded_v2_20260813_081429\Forensic_Finalization_v3_20260813_083903\Final_Activity_v4_20260813_084842\Full_Tissue_HR_v1_20260813_085417\Expanded58_Full_Tissue_HR_v2_20260813_123324\POOLED_PARENT_KETAMINE_FULL_HR_EXPANDED58_LONG_V2.parquet,ADRA2A,ADRA2A,Alpha-2A adrenergic receptor,HSAMP_d6f71e88b96034e48dbc8b6c,Peripheral/non-CNS,37,37,5.51003855263494,5.038906865004636,0.47113168763030444
KETAMINE,KDR,Thyroid,22.009421027565324,0.001,True,38,5.465601099721545,5.0388623186604695,True,PROJECT_ROOT\02_HR_SCORES\Ketamine_Family\Pooled_Parent_Ketamine_Activity_20260813_072204\Species_Cleanup_Bounded_v2_20260813_081429\Forensic_Finalization_v3_20260813_083903\Final_Activity_v4_20260813_084842\Full_Tissue_HR_v1_20260813_085417\Expanded58_Full_Tissue_HR_v2_20260813_123324\POOLED_PARENT_KETAMINE_FULL_HR_EXPANDED58_LONG_V2.parquet,KDR,KDR,KDR,HSAMP_22d2b1c65f7cc72e29ac70dc,Peripheral/non-CNS,38,38,5.465601099721545,5.0388623186604695,0.42673878106107566
KETAMINE,SLC6A3,Hypothalamus,21.896187685097622,0.001,True,39,5.456866012503434,5.038817761578308,False,PROJECT_ROOT\02_HR_SCORES\Ketamine_Family\Pooled_Parent_Ketamine_Activity_20260813_072204\Species_Cleanup_Bounded_v2_20260813_081429\Forensic_Finalization_v3_20260813_083903\Final_Activity_v4_20260813_084842\Full_Tissue_HR_v1_20260813_085417\Expanded58_Full_Tissue_HR_v2_20260813_123324\POOLED_PARENT_KETAMINE_FULL_HR_EXPANDED58_LONG_V2.parquet,SLC6A3,SLC6A3,SLC6A3,HSAMP_8ed020260a1d25cf72324c8a,CNS,39,39,5.456866012503434,5.038817761578308,0.41804825092512576
KETAMINE,ADRA2A,Lymphnode,21.66578709286891,0.001,True,40,5.419002325350032,5.038773193766313,False,PROJECT_ROOT\02_HR_SCORES\Ketamine_Family\Pooled_Parent_Ketamine_Activity_20260813_072204\Species_Cleanup_Bounded_v2_20260813_081429\Forensic_Finalization_v3_20260813_083903\Final_Activity_v4_20260813_084842\Full_Tissue_HR_v1_20260813_085417\Expanded58_Full_Tissue_HR_v2_20260813_123324\POOLED_PARENT_KETAMINE_FULL_HR_EXPANDED58_LONG_V2.parquet,ADRA2A,ADRA2A,Alpha-2A adrenergic receptor,HSAMP_11ddccd4b35ca4ee231abd0f,Peripheral/non-CNS,40,40,5.419002325350032,5.038773193766313,0.38022913158371896
KETAMINE,GRIN3A,Fetalbrain,21.540531236620094,0.001,True,41,5.406637240536253,5.038728615326192,False,PROJECT_ROOT\02_HR_SCORES\Ketamine_Family\Pooled_Parent_Ketamine_Activity_20260813_072204\Species_Cleanup_Bounded_v2_20260813_081429\Forensic_Finalization_v3_20260813_083903\Final_Activity_v4_20260813_084842\Full_Tissue_HR_v1_20260813_085417\Expanded58_Full_Tissue_HR_v2_20260813_123324\POOLED_PARENT_KETAMINE_FULL_HR_EXPANDED58_LONG_V2.parquet,GRIN3A,GRIN3A,GRIN3A,HSAMP_d6f71e88b96034e48dbc8b6c,Peripheral/non-CNS,41,41,5.406637240536253,5.038728615326192,0.3679086252100614
KETAMINE,MAOA,small_intestine,21.416151180788276,0.001,True,42,5.394269358511155,5.038684026266035,False,PROJECT_ROOT\02_HR_SCORES\Ketamine_Family\Pooled_Parent_Ketamine_Activity_20260813_072204\Species_Cleanup_Bounded_v2_20260813_081429\Forensic_Finalization_v3_20260813_083903\Final_Activity_v4_20260813_084842\Full_Tissue_HR_v1_20260813_085417\Expanded58_Full_Tissue_HR_v2_20260813_123324\POOLED_PARENT_KETAMINE_FULL_HR_EXPANDED58_LONG_V2.parquet,MAOA,MAOA,MAOA,HSAMP_1241dd498a6e296467297ed8,Peripheral/non-CNS,42,42,5.394269358511155,5.038684026266035,0.3555853322451208
KETAMINE,ADRA1A,CardiacMyocytes,21.346323400138733,0.001,True,43,5.395292043759926,5.038639426406932,False,PROJECT_ROOT\02_HR_SCORES\Ketamine_Family\Pooled_Parent_Ketamine_Activity_20260813_072204\Species_Cleanup_Bounded_v2_20260813_081429\Forensic_Finalization_v3_20260813_083903\Final_Activity_v4_20260813_084842\Full_Tissue_HR_v1_20260813_085417\Expanded58_Full_Tissue_HR_v2_20260813_123324\POOLED_PARENT_KETAMINE_FULL_HR_EXPANDED58_LONG_V2.parquet,ADRA1A,ADRA1A,ADRA1A,HSAMP_e317b8e8e378ff41f27f0b1f,Peripheral/non-CNS,43,43,5.395292043759926,5.038639426406932,0.35665261735299403
KETAMINE,ABCC4,Prostate,21.301721465121716,0.001,True,44,5.402587085636905,5.038594815850576,False,PROJECT_ROOT\02_HR_SCORES\Ketamine_Family\Pooled_Parent_Ketamine_Activity_20260813_072204\Species_Cleanup_Bounded_v2_20260813_081429\Forensic_Finalization_v3_20260813_083903\Final_Activity_v4_20260813_084842\Full_Tissue_HR_v1_20260813_085417\Expanded58_Full_Tissue_HR_v2_20260813_123324\POOLED_PARENT_KETAMINE_FULL_HR_EXPANDED58_LONG_V2.parquet,ABCC4,ABCC4,ABCC4,HSAMP_d8b33bdb33e294cfc7bc25d0,Peripheral/non-CNS,44,44,5.402587085636905,5.038594815850576,0.3639922697863289
KETAMINE,GRIN2B,SkeletalMuscle,21.286893724203445,0.001,True,45,5.417399886602876,5.038550194605115,False,PROJECT_ROOT\02_HR_SCORES\Ketamine_Family\Pooled_Parent_Ketamine_Activity_20260813_072204\Species_Cleanup_Bounded_v2_20260813_081429\Forensic_Finalization_v3_20260813_083903\Final_Activity_v4_20260813_084842\Full_Tissue_HR_v1_20260813_085417\Expanded58_Full_Tissue_HR_v2_20260813_123324\POOLED_PARENT_KETAMINE_FULL_HR_EXPANDED58_LONG_V2.parquet,GRIN2B,GRIN2B,GRIN2B,HSAMP_f4d0d5e31f4c7d8b77ed7fd8,Peripheral/non-CNS,45,45,5.417399886602876,5.038550194605115,0.3788496919977611
KETAMINE,ACHE,pineal_night,21.221296326318463,0.001,True,46,5.419566539701799,5.038505562678692,False,PROJECT_ROOT\02_HR_SCORES\Ketamine_Family\Pooled_Parent_Ketamine_Activity_20260813_072204\Species_Cleanup_Bounded_v2_20260813_081429\Forensic_Finalization_v3_20260813_083903\Final_Activity_v4_20260813_084842\Full_Tissue_HR_v1_20260813_085417\Expanded58_Full_Tissue_HR_v2_20260813_123324\POOLED_PARENT_KETAMINE_FULL_HR_EXPANDED58_LONG_V2.parquet,ACHE,ACHE,ACHE,HSAMP_ff4d2e73208c3cba5aacd6dc,Peripheral/non-CNS,46,46,5.419566539701799,5.038505562678692,0.3810609770231075
KETAMINE,DRD1,Caudatenucleus,20.44247753858886,0.001,True,47,5.2414725708381935,5.038460919986028,False,PROJECT_ROOT\02_HR_SCORES\Ketamine_Family\Pooled_Parent_Ketamine_Activity_20260813_072204\Species_Cleanup_Bounded_v2_20260813_081429\Forensic_Finalization_v3_20260813_083903\Final_Activity_v4_20260813_084842\Full_Tissue_HR_v1_20260813_085417\Expanded58_Full_Tissue_HR_v2_20260813_123324\POOLED_PARENT_KETAMINE_FULL_HR_EXPANDED58_LONG_V2.parquet,DRD1,DRD1,DRD1,HSAMP_a32ce488a48b0df9b8c4c40a,CNS,47,47,5.2414725708381935,5.038460919986028,0.2030116508521651
KETAMINE,DRD3,Heart,20.3888366065039,0.001,True,48,5.244844529231544,5.038416266628722,False,PROJECT_ROOT\02_HR_SCORES\Ketamine_Family\Pooled_Parent_Ketamine_Activity_20260813_072204\Species_Cleanup_Bounded_v2_20260813_081429\Forensic_Finalization_v3_20260813_083903\Final_Activity_v4_20260813_084842\Full_Tissue_HR_v1_20260813_085417\Expanded58_Full_Tissue_HR_v2_20260813_123324\POOLED_PARENT_KETAMINE_FULL_HR_EXPANDED58_LONG_V2.parquet,DRD3,DRD3,DRD3,HSAMP_3cb968a982080be1d7a5df98,Peripheral/non-CNS,48,48,5.244844529231544,5.038416266628722,0.206428262602822
KETAMINE,KDR,retina,20.21962848845862,0.001,True,49,5.218830998294137,5.038371602521531,False,PROJECT_ROOT\02_HR_SCORES\Ketamine_Family\Pooled_Parent_Ketamine_Activity_20260813_072204\Species_Cleanup_Bounded_v2_20260813_081429\Forensic_Finalization_v3_20260813_083903\Final_Activity_v4_20260813_084842\Full_Tissue_HR_v1_20260813_085417\Expanded58_Full_Tissue_HR_v2_20260813_123324\POOLED_PARENT_KETAMINE_FULL_HR_EXPANDED58_LONG_V2.parquet,KDR,KDR,KDR,HSAMP_a44a673a8c66e9d7f6f93e7b,Peripheral/non-CNS,49,49,5.218830998294137,5.038371602521531,0.18045939577260572
KETAMINE,ADRB1,pineal_day,20.103885197142823,0.001,True,50,5.206079071184713,5.038326927672643,False,PROJECT_ROOT\02_HR_SCORES\Ketamine_Family\Pooled_Parent_Ketamine_Activity_20260813_072204\Species_Cleanup_Bounded_v2_20260813_081429\Forensic_Finalization_v3_20260813_083903\Final_Activity_v4_20260813_084842\Full_Tissue_HR_v1_20260813_085417\Expanded58_Full_Tissue_HR_v2_20260813_123324\POOLED_PARENT_KETAMINE_FULL_HR_EXPANDED58_LONG_V2.parquet,ADRB1,ADRB1,ADRB1,HSAMP_de79842831587fed1fe7bdd5,Peripheral/non-CNS,50,50,5.206079071184713,5.038326927672643,0.1677521435120699
KETAMINE,ADRA2C,SkeletalMuscle,20.098746827811755,0.001,True,51,5.221409828080767,5.038282242090252,False,PROJECT_ROOT\02_HR_SCORES\Ketamine_Family\Pooled_Parent_Ketamine_Activity_20260813_072204\Species_Cleanup_Bounded_v2_20260813_081429\Forensic_Finalization_v3_20260813_083903\Final_Activity_v4_20260813_084842\Full_Tissue_HR_v1_20260813_085417\Expanded58_Full_Tissue_HR_v2_20260813_123324\POOLED_PARENT_KETAMINE_FULL_HR_EXPANDED58_LONG_V2.parquet,ADRA2C,ADRA2C,ADRA2C,HSAMP_f4d0d5e31f4c7d8b77ed7fd8,Peripheral/non-CNS,51,51,5.221409828080767,5.038282242090252,0.1831275859905146
KETAMINE,GRIN2C,CerebellumPeduncles,20.073367808354472,0.001,True,52,5.231693005685974,5.038237545689225,False,PROJECT_ROOT\02_HR_SCORES\Ketamine_Family\Pooled_Parent_Ketamine_Activity_20260813_072204\Species_Cleanup_Bounded_v2_20260813_081429\Forensic_Finalization_v3_20260813_083903\Final_Activity_v4_20260813_084842\Full_Tissue_HR_v1_20260813_085417\Expanded58_Full_Tissue_HR_v2_20260813_123324\POOLED_PARENT_KETAMINE_FULL_HR_EXPANDED58_LONG_V2.parquet,GRIN2C,GRIN2C,GRIN2C,HSAMP_20b60708f05d03c76f9fe702,CNS,52,52,5.231693005685974,5.038237545689225,0.1934554599967493
KETAMINE,PDE4A,pineal_night,19.94487079395597,0.001,True,53,5.215527765859124,5.038192838664401,False,PROJECT_ROOT\02_HR_SCORES\Ketamine_Family\Pooled_Parent_Ketamine_Activity_20260813_072204\Species_Cleanup_Bounded_v2_20260813_081429\Forensic_Finalization_v3_20260813_083903\Final_Activity_v4_20260813_084842\Full_Tissue_HR_v1_20260813_085417\Expanded58_Full_Tissue_HR_v2_20260813_123324\POOLED_PARENT_KETAMINE_FULL_HR_EXPANDED58_LONG_V2.parquet,PDE4A,PDE4A,PDE4A,HSAMP_ff4d2e73208c3cba5aacd6dc,Peripheral/non-CNS,53,53,5.215527765859124,5.038192838664401,0.17733492719472377
KETAMINE,ADORA3,TestisGermCell,19.90231148072752,0.001,True,54,5.221290697039812,5.038148120837344,False,PROJECT_ROOT\02_HR_SCORES\Ketamine_Family\Pooled_Parent_Ketamine_Activity_20260813_072204\Species_Cleanup_Bounded_v2_20260813_081429\Forensic_Finalization_v3_20260813_083903\Final_Activity_v4_20260813_084842\Full_Tissue_HR_v1_20260813_085417\Expanded58_Full_Tissue_HR_v2_20260813_123324\POOLED_PARENT_KETAMINE_FULL_HR_EXPANDED58_LONG_V2.parquet,ADORA3,ADORA3,ADORA3,HSAMP_40283978fc1c9022d16a6e8c,Peripheral/non-CNS,54,54,5.221290697039812,5.038148120837344,0.1831425762024681
KETAMINE,HTR2B,Uterus,19.824070536411135,0.001,True,55,5.217843973442051,5.038103392216295,False,PROJECT_ROOT\02_HR_SCORES\Ketamine_Family\Pooled_Parent_Ketamine_Activity_20260813_072204\Species_Cleanup_Bounded_v2_20260813_081429\Forensic_Finalization_v3_20260813_083903\Final_Activity_v4_20260813_084842\Full_Tissue_HR_v1_20260813_085417\Expanded58_Full_Tissue_HR_v2_20260813_123324\POOLED_PARENT_KETAMINE_FULL_HR_EXPANDED58_LONG_V2.parquet,HTR2B,HTR2B,5-hydroxytryptamine receptor 2B,HSAMP_72ec5590a1fb1e5ad33841aa,Peripheral/non-CNS,55,55,5.217843973442051,5.038103392216295,0.1797405812257553
KETAMINE,ACHE,Adipocyte,19.586150894843257,0.001,True,56,5.172856749163543,5.038058652902723,False,PROJECT_ROOT\02_HR_SCORES\Ketamine_Family\Pooled_Parent_Ketamine_Activity_20260813_072204\Species_Cleanup_Bounded_v2_20260813_081429\Forensic_Finalization_v3_20260813_083903\Final_Activity_v4_20260813_084842\Full_Tissue_HR_v1_20260813_085417\Expanded58_Full_Tissue_HR_v2_20260813_123324\POOLED_PARENT_KETAMINE_FULL_HR_EXPANDED58_LONG_V2.parquet,ACHE,ACHE,ACHE,HSAMP_412f9dc575e234e5af754143,Peripheral/non-CNS,56,56,5.172856749163543,5.038058652902723,0.13479809626081973
KETAMINE,KCNH2,CD34+,19.39168761071806,0.001,True,57,5.13858465972531,5.038013902718368,False,PROJECT_ROOT\02_HR_SCORES\Ketamine_Family\Pooled_Parent_Ketamine_Activity_20260813_072204\Species_Cleanup_Bounded_v2_20260813_081429\Forensic_Finalization_v3_20260813_083903\Final_Activity_v4_20260813_084842\Full_Tissue_HR_v1_20260813_085417\Expanded58_Full_Tissue_HR_v2_20260813_123324\POOLED_PARENT_KETAMINE_FULL_HR_EXPANDED58_LONG_V2.parquet,KCNH2,KCNH2,KCNH2,HSAMP_25f1e4f7aabfc0ddde2690cd,Peripheral/non-CNS,57,57,5.13858465972531,5.038013902718368,0.10057075700694185
KETAMINE,DRD1,Pons,19.21736481385025,0.001,True,58,5.109112275297281,5.037969141857912,False,PROJECT_ROOT\02_HR_SCORES\Ketamine_Family\Pooled_Parent_Ketamine_Activity_20260813_072204\Species_Cleanup_Bounded_v2_20260813_081429\Forensic_Finalization_v3_20260813_083903\Final_Activity_v4_20260813_084842\Full_Tissue_HR_v1_20260813_085417\Expanded58_Full_Tissue_HR_v2_20260813_123324\POOLED_PARENT_KETAMINE_FULL_HR_EXPANDED58_LONG_V2.parquet,DRD1,DRD1,DRD1,HSAMP_0cb8b4d1db8c390eeeecca55,CNS,58,58,5.109112275297281,5.037969141857912,0.07114313343936907
KETAMINE,GABRA1,OccipitalLobe,19.069908325894755,0.001,True,59,5.086279667008267,5.037924370143164,False,PROJECT_ROOT\02_HR_SCORES\Ketamine_Family\Pooled_Parent_Ketamine_Activity_20260813_072204\Species_Cleanup_Bounded_v2_20260813_081429\Forensic_Finalization_v3_20260813_083903\Final_Activity_v4_20260813_084842\Full_Tissue_HR_v1_20260813_085417\Expanded58_Full_Tissue_HR_v2_20260813_123324\POOLED_PARENT_KETAMINE_FULL_HR_EXPANDED58_LONG_V2.parquet,GABRA1,GABRA1,GABRA1,HSAMP_7725bb8a75064c4d7246d9ba,CNS,59,59,5.086279667008267,5.037924370143164,0.048355296865102204
