"repo_path","role","source_resource","source_snapshot","source_locator","source_bytes_if_recorded","source_sha256_if_recorded","repo_bytes","repo_sha256","source_copy_status","redistribution_status","note"
"data/frozen/core/pooled_expression58.parquet","CORE_FROZEN_INPUT","Pooled-parent activity, BioGPS/GNF1H expression, HR, and fingerprint pipeline","Missing38_Expression_Recovery_Audit_v1_20260813_100740","audits/OUTPUT_CODE_LINEAGE.csv","NOT_RECORDED_SEPARATELY","NOT_RECORDED_SEPARATELY","48186","D8A917357EE506AAA8F3280921F631177B872E11FBF83456CEF64A07A44F1C04","REPOSITORY_HASH_RECORDED","PUBLIC_REPLACE_WITH_SYNTHETIC_FIXTURE","Excluded from the public tree; exact user-supplied file contract is in EXTERNAL_INPUT_MANIFEST.tsv and synthetic public tests are in data/fixtures/"
"data/frozen/core/pooled_full77_hr.parquet","CORE_FROZEN_INPUT","Pooled-parent activity, BioGPS/GNF1H expression, HR, and fingerprint pipeline","Expanded58_Full_Tissue_HR_v2_20260813_123324","audits/OUTPUT_CODE_LINEAGE.csv","180685","2D406BB6D5CF6C48DCC1805F2E812681856A14785E43C32A5A9ADE7FDE437DF3","180685","2D406BB6D5CF6C48DCC1805F2E812681856A14785E43C32A5A9ADE7FDE437DF3","BYTE_IDENTICAL_SOURCE_COPY","PUBLIC_REPLACE_WITH_SYNTHETIC_FIXTURE","Excluded from the public tree; exact user-supplied file contract is in EXTERNAL_INPUT_MANIFEST.tsv and synthetic public tests are in data/fixtures/"
"data/frozen/core/pooled_missing_expression.csv","CORE_FROZEN_INPUT","Pooled-parent activity, BioGPS/GNF1H expression, HR, and fingerprint pipeline","Missing38_Expression_Recovery_Audit_v1_20260813_100740","audits/OUTPUT_CODE_LINEAGE.csv","NOT_RECORDED_SEPARATELY","NOT_RECORDED_SEPARATELY","25473","ECABEBD514AB2001C8E5886BDB35FCB1CD8CAAF03F423AAADC1522F2C594DEB0","REPOSITORY_HASH_RECORDED","PUBLIC_REPLACE_WITH_SYNTHETIC_FIXTURE","Excluded from the public tree; exact user-supplied file contract is in EXTERNAL_INPUT_MANIFEST.tsv and synthetic public tests are in data/fixtures/"
"data/frozen/core/pooled_strict18_calls_alpha0001.csv","CORE_FROZEN_INPUT","Pooled-parent activity, BioGPS/GNF1H expression, HR, and fingerprint pipeline","Strict18_Fingerprint_v1_20260813_124501","audits/OUTPUT_CODE_LINEAGE.csv","2820","18C7F33DC9079FBFC8F00B16C4EAD20F8DAD5601DF60E556F99CCCA1DB1E7F64","2820","18C7F33DC9079FBFC8F00B16C4EAD20F8DAD5601DF60E556F99CCCA1DB1E7F64","BYTE_IDENTICAL_SOURCE_COPY","PUBLIC_REPLACE_WITH_SYNTHETIC_FIXTURE","Excluded from the public tree; exact user-supplied file contract is in EXTERNAL_INPUT_MANIFEST.tsv and synthetic public tests are in data/fixtures/"
"data/frozen/core/pooled_strict18_calls_alpha001.csv","CORE_FROZEN_INPUT","Pooled-parent activity, BioGPS/GNF1H expression, HR, and fingerprint pipeline","Strict18_Fingerprint_v1_20260813_124501","audits/OUTPUT_CODE_LINEAGE.csv","3772","653D384BD2D1AC790DCDF101E1E1DC07B8B3DFECC95D992B29C376886604E387","3772","653D384BD2D1AC790DCDF101E1E1DC07B8B3DFECC95D992B29C376886604E387","BYTE_IDENTICAL_SOURCE_COPY","PUBLIC_REPLACE_WITH_SYNTHETIC_FIXTURE","Excluded from the public tree; exact user-supplied file contract is in EXTERNAL_INPUT_MANIFEST.tsv and synthetic public tests are in data/fixtures/"
"data/frozen/core/pooled_strict18_hr.csv","CORE_FROZEN_INPUT","Pooled-parent activity, BioGPS/GNF1H expression, HR, and fingerprint pipeline","Strict18_Fingerprint_v1_20260813_124501","audits/OUTPUT_CODE_LINEAGE.csv","211119","48027602E0A9E63D48977BEA885155CD36D5826C773231F8CC38116354781BD8","211119","48027602E0A9E63D48977BEA885155CD36D5826C773231F8CC38116354781BD8","BYTE_IDENTICAL_SOURCE_COPY","PUBLIC_REPLACE_WITH_SYNTHETIC_FIXTURE","Excluded from the public tree; exact user-supplied file contract is in EXTERNAL_INPUT_MANIFEST.tsv and synthetic public tests are in data/fixtures/"
"data/frozen/core/pooled_target_activity.csv","CORE_FROZEN_INPUT","Pooled-parent activity, BioGPS/GNF1H expression, HR, and fingerprint pipeline","Final_Activity_v4_20260813_084842","audits/OUTPUT_CODE_LINEAGE.csv","NOT_RECORDED_SEPARATELY","NOT_RECORDED_SEPARATELY","81615","7C23FC0ED80FF6E460F753F778BDB744AFB3FA12F0EA11215E95760849E3B15C","REPOSITORY_HASH_RECORDED","PUBLIC_REPLACE_WITH_SYNTHETIC_FIXTURE","Excluded from the public tree; exact user-supplied file contract is in EXTERNAL_INPUT_MANIFEST.tsv and synthetic public tests are in data/fixtures/"
"data/frozen/core/pooled_target_activity_summary.csv","CORE_FROZEN_INPUT","Pooled-parent activity, BioGPS/GNF1H expression, HR, and fingerprint pipeline","Final_Activity_v4_20260813_084842","audits/OUTPUT_CODE_LINEAGE.csv","NOT_RECORDED_SEPARATELY","NOT_RECORDED_SEPARATELY","84336","6EC9E988065783E925DAC4AD50A606766A15819F86D63378979B2D6BBDF7BDDC","REPOSITORY_HASH_RECORDED","PUBLIC_REPLACE_WITH_SYNTHETIC_FIXTURE","Excluded from the public tree; exact user-supplied file contract is in EXTERNAL_INPUT_MANIFEST.tsv and synthetic public tests are in data/fixtures/"
"data/frozen/e7/calls_alpha0001.csv","ADDITIONAL_METABOLITE_FROZEN_INPUT","Five-metabolite exploratory profile release (historical source label E7)","Final_Audit_And_Freeze_20260813_191547","audits/OUTPUT_CODE_LINEAGE.csv","NOT_RECORDED_SEPARATELY","NOT_RECORDED_SEPARATELY","538111","6A0BE7D1F47B202E8AE1226428F17104C69F5351FE0A750563AEB080BEE74BBB","REPOSITORY_HASH_RECORDED","PUBLIC_REPLACE_WITH_SYNTHETIC_FIXTURE","Excluded from the public tree; exact user-supplied file contract is in EXTERNAL_INPUT_MANIFEST.tsv and synthetic public tests are in data/fixtures/"
"data/frozen/e7/calls_alpha001.csv","ADDITIONAL_METABOLITE_FROZEN_INPUT","Five-metabolite exploratory profile release (historical source label E7)","Final_Audit_And_Freeze_20260813_191547","audits/OUTPUT_CODE_LINEAGE.csv","NOT_RECORDED_SEPARATELY","NOT_RECORDED_SEPARATELY","539554","9C36972ADF598D04C23FC74EECC410ACEBB84B7D75DD6F7636A2D9F6357864AE","REPOSITORY_HASH_RECORDED","PUBLIC_REPLACE_WITH_SYNTHETIC_FIXTURE","Excluded from the public tree; exact user-supplied file contract is in EXTERNAL_INPUT_MANIFEST.tsv and synthetic public tests are in data/fixtures/"
"data/frozen/e7/common_rhr.csv","ADDITIONAL_METABOLITE_FROZEN_INPUT","Five-metabolite exploratory profile release (historical source label E7)","Final_Audit_And_Freeze_20260813_191547","audits/OUTPUT_CODE_LINEAGE.csv","NOT_RECORDED_SEPARATELY","NOT_RECORDED_SEPARATELY","215972","ED5042917ECA6C7BA0F6D111B76E11EC57FAEEFBBB96966D45F022553CD01642","REPOSITORY_HASH_RECORDED","PUBLIC_REPLACE_WITH_SYNTHETIC_FIXTURE","Excluded from the public tree; exact user-supplied file contract is in EXTERNAL_INPUT_MANIFEST.tsv and synthetic public tests are in data/fixtures/"
"data/frozen/e7/identity_accounting.csv","ADDITIONAL_METABOLITE_FROZEN_INPUT","Five-metabolite exploratory profile release (historical source label E7)","Final_Audit_And_Freeze_20260813_191547","audits/OUTPUT_CODE_LINEAGE.csv","NOT_RECORDED_SEPARATELY","NOT_RECORDED_SEPARATELY","1056","5BDFCF93983EB8E92822719DB4DBA01FE2A23DD138AEF64CE479797EF4DC2BFE","REPOSITORY_HASH_RECORDED","PUBLIC_REPLACE_WITH_SYNTHETIC_FIXTURE","Excluded from the public tree; exact user-supplied file contract is in EXTERNAL_INPUT_MANIFEST.tsv and synthetic public tests are in data/fixtures/"
"data/frozen/e7/numeric_compounds.csv","ADDITIONAL_METABOLITE_FROZEN_INPUT","Five-metabolite exploratory profile release (historical source label E7)","Final_Audit_And_Freeze_20260813_191547","audits/OUTPUT_CODE_LINEAGE.csv","NOT_RECORDED_SEPARATELY","NOT_RECORDED_SEPARATELY","746","D7957C711DDE86B91495D09AC92B204B8CC72B76AA5C59B427652C198435BA06","REPOSITORY_HASH_RECORDED","PUBLIC_REPLACE_WITH_SYNTHETIC_FIXTURE","Excluded from the public tree; exact user-supplied file contract is in EXTERNAL_INPUT_MANIFEST.tsv and synthetic public tests are in data/fixtures/"
"data/frozen/e7/raw_hr.csv","ADDITIONAL_METABOLITE_FROZEN_INPUT","Five-metabolite exploratory profile release (historical source label E7)","Final_Audit_And_Freeze_20260813_191547","audits/OUTPUT_CODE_LINEAGE.csv","NOT_RECORDED_SEPARATELY","NOT_RECORDED_SEPARATELY","215815","2CBDA7BE0E359990439E795E8A0803978A34CC12D15CF717099055374E39D8F9","REPOSITORY_HASH_RECORDED","PUBLIC_REPLACE_WITH_SYNTHETIC_FIXTURE","Excluded from the public tree; exact user-supplied file contract is in EXTERNAL_INPUT_MANIFEST.tsv and synthetic public tests are in data/fixtures/"
"data/frozen/metadata/class_membership.csv","VERSIONED_ANALYSIS_METADATA","Exact-protein feature dictionary and descriptive class registry","Pooled_Parent_Ketamine_Complete_Comparative_Analysis_20260813_182544","audits/OUTPUT_CODE_LINEAGE.csv","NOT_RECORDED_SEPARATELY","NOT_RECORDED_SEPARATELY","6992","51C98F45A172FCD1EBCCCC9CF2651AA9762435CB768F293DC2E1F559972FDF74","REPOSITORY_HASH_RECORDED","PUBLIC_KEEP_PROJECT_METADATA_CC_BY_SA_4_0","Retained byte-identically as project-authored descriptive metadata; see DATA_LICENSE.md"
"data/frozen/metadata/feature_dictionary.parquet","VERSIONED_ANALYSIS_METADATA","Exact-protein feature dictionary and descriptive class registry","Human_Priority_Mammalian_Fallback_U1_Fingerprint_Authority_20260807_051641_664","audits/OUTPUT_CODE_LINEAGE.csv","345340","C118155941DBD00E01ECBB99FB5577D419C0EE8A157ED6788DC2B0316CBF3281","345340","C118155941DBD00E01ECBB99FB5577D419C0EE8A157ED6788DC2B0316CBF3281","BYTE_IDENTICAL_SOURCE_COPY","PUBLIC_REPLACE_WITH_SYNTHETIC_FIXTURE","Excluded from the public tree; exact user-supplied file contract is in EXTERNAL_INPUT_MANIFEST.tsv and synthetic public tests are in data/fixtures/"
"data/frozen/profiles/all_compound_profiles_strict18_long.csv","PROFILE_FROZEN_INPUT","Ketamine-family and psychoactive-reference comparative analysis","Pooled_Parent_Ketamine_Complete_Comparative_Analysis_20260813_182544","audits/OUTPUT_CODE_LINEAGE.csv","NOT_RECORDED_SEPARATELY","NOT_RECORDED_SEPARATELY","10557450","5A3974F72A37CC7C35824C2E795F054F3EDCCA87B02CACEFF7A1D36868C31CC4","REPOSITORY_HASH_RECORDED","PUBLIC_REPLACE_WITH_SYNTHETIC_FIXTURE","Excluded from the public tree; exact user-supplied file contract is in EXTERNAL_INPUT_MANIFEST.tsv and synthetic public tests are in data/fixtures/"
"data/frozen/profiles/prior_calls_alpha0001.parquet","PROFILE_FROZEN_INPUT","Ketamine-family and psychoactive-reference comparative analysis","Pooled_Parent_Ketamine_Complete_Comparative_Analysis_20260813_182544","audits/OUTPUT_CODE_LINEAGE.csv","NOT_RECORDED_SEPARATELY","NOT_RECORDED_SEPARATELY","27324","023380CCF50E709E566972DE7A09478C837088E97DCDEBB3732768CAF1303FC7","REPOSITORY_HASH_RECORDED","PUBLIC_REPLACE_WITH_SYNTHETIC_FIXTURE","Excluded from the public tree; exact user-supplied file contract is in EXTERNAL_INPUT_MANIFEST.tsv and synthetic public tests are in data/fixtures/"
"data/frozen/profiles/prior_calls_alpha001.parquet","PROFILE_FROZEN_INPUT","Ketamine-family and psychoactive-reference comparative analysis","Pooled_Parent_Ketamine_Complete_Comparative_Analysis_20260813_182544","audits/OUTPUT_CODE_LINEAGE.csv","NOT_RECORDED_SEPARATELY","NOT_RECORDED_SEPARATELY","28333","88CAF367CB35583188CEFE2FED7D9DB43C767EA6368DC7CA7BA3491C2E00170E","REPOSITORY_HASH_RECORDED","PUBLIC_REPLACE_WITH_SYNTHETIC_FIXTURE","Excluded from the public tree; exact user-supplied file contract is in EXTERNAL_INPUT_MANIFEST.tsv and synthetic public tests are in data/fixtures/"
"data/frozen/profiles/prior_external_profiles.parquet","PROFILE_FROZEN_INPUT","Ketamine-family and psychoactive-reference comparative analysis","Pooled_Parent_Ketamine_Complete_Comparative_Analysis_20260813_182544","audits/OUTPUT_CODE_LINEAGE.csv","NOT_RECORDED_SEPARATELY","NOT_RECORDED_SEPARATELY","224262","06878111F984A76902B5B61D6DC3F6D981A39504923BE8C3F65174537CCC8868","REPOSITORY_HASH_RECORDED","PUBLIC_REPLACE_WITH_SYNTHETIC_FIXTURE","Excluded from the public tree; exact user-supplied file contract is in EXTERNAL_INPUT_MANIFEST.tsv and synthetic public tests are in data/fixtures/"
"data/frozen/profiles/prior_pairwise.parquet","PROFILE_FROZEN_INPUT","Ketamine-family and psychoactive-reference comparative analysis","Pooled_Parent_Ketamine_Complete_Comparative_Analysis_20260813_182544","audits/OUTPUT_CODE_LINEAGE.csv","NOT_RECORDED_SEPARATELY","NOT_RECORDED_SEPARATELY","55849","5FA8B473AF467737C8F7C15305A8382072392F9F01C660AEB72C7879ACC7CB48","REPOSITORY_HASH_RECORDED","PUBLIC_REPLACE_WITH_SYNTHETIC_FIXTURE","Excluded from the public tree; exact user-supplied file contract is in EXTERNAL_INPUT_MANIFEST.tsv and synthetic public tests are in data/fixtures/"
"results/reference/class/CLASS_LOADINGS.csv","NUMERICAL_REFERENCE","Pooled-parent comparative final audit and freeze","Pooled_Parent_Ketamine_Final_Audit_And_Freeze_20260813_191547","audits/OUTPUT_CODE_LINEAGE.csv","NOT_RECORDED_SEPARATELY","NOT_RECORDED_SEPARATELY","3350023","D6597C40EBC00710ECE6507AD14D726FAAF0E6AE1A817FE848060B49DA30EC89","REPOSITORY_HASH_RECORDED","PUBLIC_KEEP_PROJECT_DERIVATIVE_CC_BY_SA_4_0","Accepted family, global, class, or closeout regression reference; retained byte-identically as an accepted project analysis derivative"
"results/reference/class/CLASS_RESIDUALS_LONG.csv","NUMERICAL_REFERENCE","Pooled-parent comparative final audit and freeze","Pooled_Parent_Ketamine_Final_Audit_And_Freeze_20260813_191547","audits/OUTPUT_CODE_LINEAGE.csv","NOT_RECORDED_SEPARATELY","NOT_RECORDED_SEPARATELY","958023","0C94C018CCB73634531280D7AE7269C099672A9E1D8F7F7BC2B3C5FE6C845EC6","REPOSITORY_HASH_RECORDED","PUBLIC_KEEP_PROJECT_DERIVATIVE_CC_BY_SA_4_0","Accepted family, global, class, or closeout regression reference; retained byte-identically as an accepted project analysis derivative"
"results/reference/class/CLASS_SCORES.csv","NUMERICAL_REFERENCE","Pooled-parent comparative final audit and freeze","Pooled_Parent_Ketamine_Final_Audit_And_Freeze_20260813_191547","audits/OUTPUT_CODE_LINEAGE.csv","NOT_RECORDED_SEPARATELY","NOT_RECORDED_SEPARATELY","107385","A4FDF3386138CB86D2F15806447EBC4209FA647A1BE82E466AEE3DBFA8FA6D42","REPOSITORY_HASH_RECORDED","PUBLIC_KEEP_PROJECT_DERIVATIVE_CC_BY_SA_4_0","Accepted family, global, class, or closeout regression reference; retained byte-identically as an accepted project analysis derivative"
"results/reference/class/CLASS_STATUS.csv","NUMERICAL_REFERENCE","Pooled-parent comparative final audit and freeze","Pooled_Parent_Ketamine_Final_Audit_And_Freeze_20260813_191547","audits/OUTPUT_CODE_LINEAGE.csv","NOT_RECORDED_SEPARATELY","NOT_RECORDED_SEPARATELY","41029","AD3B330CD24074994014487D31F07C8D283544AE6FDE3C93069E35A98C1C8D04","REPOSITORY_HASH_RECORDED","PUBLIC_KEEP_PROJECT_DERIVATIVE_CC_BY_SA_4_0","Accepted family, global, class, or closeout regression reference; retained byte-identically as an accepted project analysis derivative"
"results/reference/class/CLASS_SUMMARY.csv","NUMERICAL_REFERENCE","Pooled-parent comparative final audit and freeze","Pooled_Parent_Ketamine_Final_Audit_And_Freeze_20260813_191547","audits/OUTPUT_CODE_LINEAGE.csv","NOT_RECORDED_SEPARATELY","NOT_RECORDED_SEPARATELY","4326","6578577215B8F50A1FE9F375D7DA87D68BC068508247EF4EE0150F1B1A36AAB2","REPOSITORY_HASH_RECORDED","PUBLIC_KEEP_PROJECT_DERIVATIVE_CC_BY_SA_4_0","Accepted family, global, class, or closeout regression reference; retained byte-identically as an accepted project analysis derivative"
"results/reference/family/FAMILY_AVERAGE_LINKAGE.csv","NUMERICAL_REFERENCE","Pooled-parent comparative final audit and freeze","Pooled_Parent_Ketamine_Final_Audit_And_Freeze_20260813_191547","audits/OUTPUT_CODE_LINEAGE.csv","NOT_RECORDED_SEPARATELY","NOT_RECORDED_SEPARATELY","3071","9ED5927D053549B3E566BC25C45472E57569B83C75658409E7DB5A8D1596D346","REPOSITORY_HASH_RECORDED","PUBLIC_KEEP_PROJECT_DERIVATIVE_CC_BY_SA_4_0","Accepted family, global, class, or closeout regression reference; retained byte-identically as an accepted project analysis derivative"
"results/reference/family/FAMILY_COMPLETE_CASE_PCA_LOADINGS.csv","NUMERICAL_REFERENCE","Pooled-parent comparative final audit and freeze","Pooled_Parent_Ketamine_Final_Audit_And_Freeze_20260813_191547","audits/OUTPUT_CODE_LINEAGE.csv","NOT_RECORDED_SEPARATELY","NOT_RECORDED_SEPARATELY","3775","E69FC0F5EAD771571FCA1A971206C46579E7038583A646BCC558275700AC81C6","REPOSITORY_HASH_RECORDED","PUBLIC_KEEP_PROJECT_DERIVATIVE_CC_BY_SA_4_0","Accepted family, global, class, or closeout regression reference; retained byte-identically as an accepted project analysis derivative"
"results/reference/family/FAMILY_COMPLETE_CASE_PCA_SCORES.csv","NUMERICAL_REFERENCE","Pooled-parent comparative final audit and freeze","Pooled_Parent_Ketamine_Final_Audit_And_Freeze_20260813_191547","audits/OUTPUT_CODE_LINEAGE.csv","NOT_RECORDED_SEPARATELY","NOT_RECORDED_SEPARATELY","1833","BA1CB4E6BB6D8FCD492CC68A0ED8713E32965545703A452FC9B53091EA4B1ADA","REPOSITORY_HASH_RECORDED","PUBLIC_KEEP_PROJECT_DERIVATIVE_CC_BY_SA_4_0","Accepted family, global, class, or closeout regression reference; retained byte-identically as an accepted project analysis derivative"
"results/reference/family/FAMILY_JOINT_CONTINUOUS_PCA_LOADINGS.csv","NUMERICAL_REFERENCE","Pooled-parent comparative final audit and freeze","Pooled_Parent_Ketamine_Final_Audit_And_Freeze_20260813_191547","audits/OUTPUT_CODE_LINEAGE.csv","NOT_RECORDED_SEPARATELY","NOT_RECORDED_SEPARATELY","133421","DE7DA22ADDE8FECA54D01A80F2A24DBF707C9CE4BA0E456E3A740488E3961646","REPOSITORY_HASH_RECORDED","PUBLIC_KEEP_PROJECT_DERIVATIVE_CC_BY_SA_4_0","Accepted family, global, class, or closeout regression reference; retained byte-identically as an accepted project analysis derivative"
"results/reference/family/FAMILY_JOINT_CONTINUOUS_PCA_SCORES.csv","NUMERICAL_REFERENCE","Pooled-parent comparative final audit and freeze","Pooled_Parent_Ketamine_Final_Audit_And_Freeze_20260813_191547","audits/OUTPUT_CODE_LINEAGE.csv","NOT_RECORDED_SEPARATELY","NOT_RECORDED_SEPARATELY","1910","BB49FA37D0F70C30B1DB6E6A0A55C720251237CA21D458C8AF7827AA6310CEC5","REPOSITORY_HASH_RECORDED","PUBLIC_KEEP_PROJECT_DERIVATIVE_CC_BY_SA_4_0","Accepted family, global, class, or closeout regression reference; retained byte-identically as an accepted project analysis derivative"
"results/reference/family/FAMILY_MODEL_STATUS.csv","NUMERICAL_REFERENCE","Pooled-parent comparative final audit and freeze","Pooled_Parent_Ketamine_Final_Audit_And_Freeze_20260813_191547","audits/OUTPUT_CODE_LINEAGE.csv","NOT_RECORDED_SEPARATELY","NOT_RECORDED_SEPARATELY","4231","AA3DD6C04A15ADE002B54CF4442343077D6BCC73BF2DE73893CC6C1DA2C492DE","REPOSITORY_HASH_RECORDED","PUBLIC_KEEP_PROJECT_DERIVATIVE_CC_BY_SA_4_0","Accepted family, global, class, or closeout regression reference; retained byte-identically as an accepted project analysis derivative"
"results/reference/family/FAMILY_RMS_DISTANCE_MATRIX.csv","NUMERICAL_REFERENCE","Pooled-parent comparative final audit and freeze","Pooled_Parent_Ketamine_Final_Audit_And_Freeze_20260813_191547","audits/OUTPUT_CODE_LINEAGE.csv","NOT_RECORDED_SEPARATELY","NOT_RECORDED_SEPARATELY","2306","508AB47DEB46F85EFADF5E7083DEAF7E3D61D457B4FC6BCD32D4A8D97F01D6DD","REPOSITORY_HASH_RECORDED","PUBLIC_KEEP_PROJECT_DERIVATIVE_CC_BY_SA_4_0","Accepted family, global, class, or closeout regression reference; retained byte-identically as an accepted project analysis derivative"
"results/reference/family/FAMILY_RMS_DISTANCE_SUBSET_AUDIT.csv","NUMERICAL_REFERENCE","Pooled-parent comparative final audit and freeze","Pooled_Parent_Ketamine_Final_Audit_And_Freeze_20260813_191547","audits/OUTPUT_CODE_LINEAGE.csv","NOT_RECORDED_SEPARATELY","NOT_RECORDED_SEPARATELY","476","D7FD6AA66ED540803C687A1AA88743A0E3D1E8107A97971DBC74D306A5E0357A","REPOSITORY_HASH_RECORDED","PUBLIC_KEEP_PROJECT_DERIVATIVE_CC_BY_SA_4_0","Accepted family, global, class, or closeout regression reference; retained byte-identically as an accepted project analysis derivative"
"results/reference/family/FAMILY_RMS_PCOA_COORDINATES.csv","NUMERICAL_REFERENCE","Pooled-parent comparative final audit and freeze","Pooled_Parent_Ketamine_Final_Audit_And_Freeze_20260813_191547","audits/OUTPUT_CODE_LINEAGE.csv","NOT_RECORDED_SEPARATELY","NOT_RECORDED_SEPARATELY","1351","CCC012F481389A592263532DE88F28E38C5305F02BCC581747A407D07E23340D","REPOSITORY_HASH_RECORDED","PUBLIC_KEEP_PROJECT_DERIVATIVE_CC_BY_SA_4_0","Accepted family, global, class, or closeout regression reference; retained byte-identically as an accepted project analysis derivative"
"results/reference/family/FAMILY_SHARED_TARGET_PCA_LOADINGS.csv","NUMERICAL_REFERENCE","Pooled-parent comparative final audit and freeze","Pooled_Parent_Ketamine_Final_Audit_And_Freeze_20260813_191547","audits/OUTPUT_CODE_LINEAGE.csv","NOT_RECORDED_SEPARATELY","NOT_RECORDED_SEPARATELY","162","E6E8F43835DD3D515276DCD5193A6BD1F2A86F6682DE1767A2B103807F99CC12","REPOSITORY_HASH_RECORDED","PUBLIC_KEEP_PROJECT_DERIVATIVE_CC_BY_SA_4_0","Accepted family, global, class, or closeout regression reference; retained byte-identically as an accepted project analysis derivative"
"results/reference/family/FAMILY_SHARED_TARGET_PCA_SCORES.csv","NUMERICAL_REFERENCE","Pooled-parent comparative final audit and freeze","Pooled_Parent_Ketamine_Final_Audit_And_Freeze_20260813_191547","audits/OUTPUT_CODE_LINEAGE.csv","NOT_RECORDED_SEPARATELY","NOT_RECORDED_SEPARATELY","1446","23E051B12E16325FE2F15C3889635B499460F33E042F87D55CC2717F0E5A4D17","REPOSITORY_HASH_RECORDED","PUBLIC_KEEP_PROJECT_DERIVATIVE_CC_BY_SA_4_0","Accepted family, global, class, or closeout regression reference; retained byte-identically as an accepted project analysis derivative"
"results/reference/family/FAMILY_SPARSE_ALPHA0001_PCA_LOADINGS.csv","NUMERICAL_REFERENCE","Pooled-parent comparative final audit and freeze","Pooled_Parent_Ketamine_Final_Audit_And_Freeze_20260813_191547","audits/OUTPUT_CODE_LINEAGE.csv","NOT_RECORDED_SEPARATELY","NOT_RECORDED_SEPARATELY","3256","9BB5800F582BC93D18B15AF16D14A8A252B36C59395CF81A5C47DCE9B594D2E4","REPOSITORY_HASH_RECORDED","PUBLIC_KEEP_PROJECT_DERIVATIVE_CC_BY_SA_4_0","Accepted family, global, class, or closeout regression reference; retained byte-identically as an accepted project analysis derivative"
"results/reference/family/FAMILY_SPARSE_ALPHA0001_PCA_SCORES.csv","NUMERICAL_REFERENCE","Pooled-parent comparative final audit and freeze","Pooled_Parent_Ketamine_Final_Audit_And_Freeze_20260813_191547","audits/OUTPUT_CODE_LINEAGE.csv","NOT_RECORDED_SEPARATELY","NOT_RECORDED_SEPARATELY","1961","27F2BC339253DB0C16C60B796451C0D1521C2EC7C4C258884B68CA5E8C0B264D","REPOSITORY_HASH_RECORDED","PUBLIC_KEEP_PROJECT_DERIVATIVE_CC_BY_SA_4_0","Accepted family, global, class, or closeout regression reference; retained byte-identically as an accepted project analysis derivative"
"results/reference/family/FAMILY_SPARSE_ALPHA001_PCA_LOADINGS.csv","NUMERICAL_REFERENCE","Pooled-parent comparative final audit and freeze","Pooled_Parent_Ketamine_Final_Audit_And_Freeze_20260813_191547","audits/OUTPUT_CODE_LINEAGE.csv","NOT_RECORDED_SEPARATELY","NOT_RECORDED_SEPARATELY","3646","D2715644CEDA97892A350EE4D391FD9D4A241EF8E050C5CC793ECA576712F4D6","REPOSITORY_HASH_RECORDED","PUBLIC_KEEP_PROJECT_DERIVATIVE_CC_BY_SA_4_0","Accepted family, global, class, or closeout regression reference; retained byte-identically as an accepted project analysis derivative"
"results/reference/family/FAMILY_SPARSE_ALPHA001_PCA_SCORES.csv","NUMERICAL_REFERENCE","Pooled-parent comparative final audit and freeze","Pooled_Parent_Ketamine_Final_Audit_And_Freeze_20260813_191547","audits/OUTPUT_CODE_LINEAGE.csv","NOT_RECORDED_SEPARATELY","NOT_RECORDED_SEPARATELY","1945","0CEE2C04BF7C7C64B84E387E01257396800DA5238B3D5B15440438727C4463DB","REPOSITORY_HASH_RECORDED","PUBLIC_KEEP_PROJECT_DERIVATIVE_CC_BY_SA_4_0","Accepted family, global, class, or closeout regression reference; retained byte-identically as an accepted project analysis derivative"
"results/reference/family/FAMILY_TARGET_LEVEL_PCA_LOADINGS.csv","NUMERICAL_REFERENCE","Pooled-parent comparative final audit and freeze","Pooled_Parent_Ketamine_Final_Audit_And_Freeze_20260813_191547","audits/OUTPUT_CODE_LINEAGE.csv","NOT_RECORDED_SEPARATELY","NOT_RECORDED_SEPARATELY","4617","35CA2F60A052BA82998A7A7B4397313512FA03E312BBF7C44179506F0DFE7FB1","REPOSITORY_HASH_RECORDED","PUBLIC_KEEP_PROJECT_DERIVATIVE_CC_BY_SA_4_0","Accepted family, global, class, or closeout regression reference; retained byte-identically as an accepted project analysis derivative"
"results/reference/family/FAMILY_TARGET_LEVEL_PCA_SCORES.csv","NUMERICAL_REFERENCE","Pooled-parent comparative final audit and freeze","Pooled_Parent_Ketamine_Final_Audit_And_Freeze_20260813_191547","audits/OUTPUT_CODE_LINEAGE.csv","NOT_RECORDED_SEPARATELY","NOT_RECORDED_SEPARATELY","1920","386970FC1B291D9DFC471370EF79B7E02E40A3B145126EAAC6E771F1203F319E","REPOSITORY_HASH_RECORDED","PUBLIC_KEEP_PROJECT_DERIVATIVE_CC_BY_SA_4_0","Accepted family, global, class, or closeout regression reference; retained byte-identically as an accepted project analysis derivative"
"results/reference/family/FAMILY_WEIGHTED_MDS_COORDINATES.csv","NUMERICAL_REFERENCE","Pooled-parent comparative final audit and freeze","Pooled_Parent_Ketamine_Final_Audit_And_Freeze_20260813_191547","audits/OUTPUT_CODE_LINEAGE.csv","NOT_RECORDED_SEPARATELY","NOT_RECORDED_SEPARATELY","924","3D41139D331A3B9967B1132FD0FD7A81FF2CC5B96CCCF7470A6B484E16AC47E1","REPOSITORY_HASH_RECORDED","PUBLIC_KEEP_PROJECT_DERIVATIVE_CC_BY_SA_4_0","Accepted family, global, class, or closeout regression reference; retained byte-identically as an accepted project analysis derivative"
"results/reference/family/KETAMINE_FAMILY_ALL_PAIR_METRICS_FINAL.csv","NUMERICAL_REFERENCE","Pooled-parent comparative final audit and freeze","Pooled_Parent_Ketamine_Final_Audit_And_Freeze_20260813_191547","audits/OUTPUT_CODE_LINEAGE.csv","NOT_RECORDED_SEPARATELY","NOT_RECORDED_SEPARATELY","104448","FF279F96CB5B8C7FBF64370ADD496E91E45DBCE69268D2C1C156ECE10DDA142A","REPOSITORY_HASH_RECORDED","PUBLIC_KEEP_PROJECT_DERIVATIVE_CC_BY_SA_4_0","Accepted family, global, class, or closeout regression reference; retained byte-identically as an accepted project analysis derivative"
"results/reference/figure4/final/FINAL_FIGURE4_CARDOZO_BRIGHT_RIGHTLEGEND.pdf","FIGURE4_REFERENCE","Fixed-reference PCA publication figure package","Figure_4_Final_RightLegend_20260821_135544","audits/SOURCE_SNAPSHOT_MANIFEST.tsv","140894","22AF27D5FB224E011384C16235F21A5419804A457503B7F719C6020A6E1D322C","140894","22AF27D5FB224E011384C16235F21A5419804A457503B7F719C6020A6E1D322C","BYTE_IDENTICAL_SOURCE_COPY","PUBLIC_KEEP_PROJECT_DERIVATIVE_CC_BY_SA_4_0","Frozen-coordinate publication derivative; no refit, movement, or jitter; retained byte-identically as an accepted project analysis derivative"
"results/reference/figure4/final/FINAL_FIGURE4_CARDOZO_BRIGHT_RIGHTLEGEND.svg","FIGURE4_REFERENCE","Fixed-reference PCA publication figure package","Figure_4_Final_RightLegend_20260821_135544","audits/SOURCE_SNAPSHOT_MANIFEST.tsv","436480","D5499470890BDA3AFA6416A4925A11594701F8C17786BE35B2262FB89343A99C","436480","D5499470890BDA3AFA6416A4925A11594701F8C17786BE35B2262FB89343A99C","BYTE_IDENTICAL_SOURCE_COPY","PUBLIC_KEEP_PROJECT_DERIVATIVE_CC_BY_SA_4_0","Frozen-coordinate publication derivative; no refit, movement, or jitter; retained byte-identically as an accepted project analysis derivative"
"results/reference/figure4/final/FINAL_FIGURE4_CARDOZO_BRIGHT_RIGHTLEGEND_600dpi.png","FIGURE4_REFERENCE","Fixed-reference PCA publication figure package","Figure_4_Final_RightLegend_20260821_135544","audits/SOURCE_SNAPSHOT_MANIFEST.tsv","447326","0ACB17DCE9B984FD2DB0C9144E472DD8828BC2523688BBF0DD812CFD7F3105F8","447326","0ACB17DCE9B984FD2DB0C9144E472DD8828BC2523688BBF0DD812CFD7F3105F8","BYTE_IDENTICAL_SOURCE_COPY","PUBLIC_KEEP_PROJECT_DERIVATIVE_CC_BY_SA_4_0","Frozen-coordinate publication derivative; no refit, movement, or jitter; retained byte-identically as an accepted project analysis derivative"
"results/reference/figure4/qc/NUMERICAL_QC.json","FIGURE4_REFERENCE","Fixed-reference PCA publication figure package","Figure_4_Final_RightLegend_20260821_135544","audits/SOURCE_SNAPSHOT_MANIFEST.tsv","2615","96B808923D70D9D732A0284F28A5544F89CA7F8B2656F918293E3D2E86C72F86","2514","875F5DCB8110059B9AC906EDFCD664648BFA2E365B580F336D054C752BF8DAF1","LOCAL_PROVENANCE_PATHS_ALIASED_NUMERICAL_CONTENT_PRESERVED","PUBLIC_KEEP_PROJECT_DERIVATIVE_CC_BY_SA_4_0","Frozen-coordinate publication derivative; no refit, movement, or jitter; retained byte-identically as an accepted project analysis derivative"
"results/reference/figure4/qc/VISUAL_LAYOUT_QC.json","FIGURE4_REFERENCE","Fixed-reference PCA publication figure package","Figure_4_Final_RightLegend_20260821_135544","audits/SOURCE_SNAPSHOT_MANIFEST.tsv","1982","8EA9DF632F1400EF1BE08C246155AF2EE2F415D7DF4D2BDC221B3E2F6A531D34","1920","44A3840B77DC2443C03DFB7E6D0211E10468D793F129B8E03F69CC9F56FA2101","LOCAL_PROVENANCE_PATHS_ALIASED_NUMERICAL_CONTENT_PRESERVED","PUBLIC_KEEP_PROJECT_DERIVATIVE_CC_BY_SA_4_0","Frozen-coordinate publication derivative; no refit, movement, or jitter; retained byte-identically as an accepted project analysis derivative"
"results/reference/figure4/source_data/FROZEN_GLOBAL_FIXED_REFERENCE_PCA_SCORES.csv","FIGURE4_REFERENCE","Fixed-reference PCA publication figure package","Figure_4_Final_RightLegend_20260821_135544","audits/SOURCE_SNAPSHOT_MANIFEST.tsv","7116","79CCCB4DFA80C0FFB6F135AE31D5462939EB193A3D95B96AF5C4A922775749C0","7080","58B7F3231B47EA198ED2235F50F6EA711D21DE40FE24038F1AD26D8824CB99C0","LOCAL_PROVENANCE_PATHS_ALIASED_NUMERICAL_CONTENT_PRESERVED","PUBLIC_KEEP_PROJECT_DERIVATIVE_CC_BY_SA_4_0","Frozen-coordinate publication derivative; no refit, movement, or jitter; retained byte-identically as an accepted project analysis derivative"
"results/reference/figure4/source_data/PALETTE_SPECIFICATION.csv","FIGURE4_REFERENCE","Fixed-reference PCA publication figure package","Figure_4_Final_RightLegend_20260821_135544","audits/SOURCE_SNAPSHOT_MANIFEST.tsv","245","B3FE766160678E67DC582E6058996549994E3D7F046E6CF5904E87D3939842A5","245","B3FE766160678E67DC582E6058996549994E3D7F046E6CF5904E87D3939842A5","BYTE_IDENTICAL_SOURCE_COPY","PUBLIC_KEEP_PROJECT_DERIVATIVE_CC_BY_SA_4_0","Frozen-coordinate publication derivative; no refit, movement, or jitter; retained byte-identically as an accepted project analysis derivative"
"results/reference/figure4/source_data/VALIDATED_FIGURE4_SOURCE_COORDINATES.csv","FIGURE4_REFERENCE","Fixed-reference PCA publication figure package","Figure_4_Final_RightLegend_20260821_135544","audits/SOURCE_SNAPSHOT_MANIFEST.tsv","18356","8B607B308A365D4BA5564720F4F533D13628C54AC4C6AF703287F7DC2D1C681C","16780","8A369B7DDD2201E3EBC5A9BA227D67997B2E154B8982238588BF95A4894ED4AA","LOCAL_PROVENANCE_PATHS_ALIASED_NUMERICAL_CONTENT_PRESERVED","PUBLIC_KEEP_PROJECT_DERIVATIVE_CC_BY_SA_4_0","Frozen-coordinate publication derivative; no refit, movement, or jitter; retained byte-identically as an accepted project analysis derivative"
"results/reference/FINAL_MODEL_STATUS.csv","NUMERICAL_REFERENCE","Pooled-parent comparative final audit and freeze","Pooled_Parent_Ketamine_Final_Audit_And_Freeze_20260813_191547","audits/OUTPUT_CODE_LINEAGE.csv","54517","81C9E1D9B1527BAA194BF20710E139AA0ADACA91CC136E8EDA968C5936E1CF73","54517","81C9E1D9B1527BAA194BF20710E139AA0ADACA91CC136E8EDA968C5936E1CF73","BYTE_IDENTICAL_SOURCE_COPY","PUBLIC_KEEP_PROJECT_DERIVATIVE_CC_BY_SA_4_0","Accepted family, global, class, or closeout regression reference; retained byte-identically as an accepted project analysis derivative"
"results/reference/FINAL_MULTIVARIATE_AUDIT.csv","NUMERICAL_REFERENCE","Pooled-parent comparative final audit and freeze","Pooled_Parent_Ketamine_Final_Audit_And_Freeze_20260813_191547","audits/OUTPUT_CODE_LINEAGE.csv","43318","2908CFC554C101AD8F6CC1C007A759A521A30187A0E20B126F76ED6C7412A9F8","43318","2908CFC554C101AD8F6CC1C007A759A521A30187A0E20B126F76ED6C7412A9F8","BYTE_IDENTICAL_SOURCE_COPY","PUBLIC_KEEP_PROJECT_DERIVATIVE_CC_BY_SA_4_0","Accepted family, global, class, or closeout regression reference; retained byte-identically as an accepted project analysis derivative"
"results/reference/FINAL_QA_SUMMARY.csv","NUMERICAL_REFERENCE","Pooled-parent comparative final audit and freeze","Pooled_Parent_Ketamine_Final_Audit_And_Freeze_20260813_191547","audits/OUTPUT_CODE_LINEAGE.csv","NOT_RECORDED_SEPARATELY","NOT_RECORDED_SEPARATELY","10334","6005FBC040E1C806E9EFB27BAF944C55DAC8DC63F1F447038838A3CEA1E4432A","REPOSITORY_HASH_RECORDED","PUBLIC_KEEP_PROJECT_DERIVATIVE_CC_BY_SA_4_0","Accepted family, global, class, or closeout regression reference; retained byte-identically as an accepted project analysis derivative"
"results/reference/global/ALL_UNORDERED_DRUG_PAIR_METRICS_FINAL.csv","NUMERICAL_REFERENCE","Pooled-parent comparative final audit and freeze","Pooled_Parent_Ketamine_Final_Audit_And_Freeze_20260813_191547","audits/OUTPUT_CODE_LINEAGE.csv","NOT_RECORDED_SEPARATELY","NOT_RECORDED_SEPARATELY","1090292","1E5B037A76F4E25C745C9952E0CE31108FF64936FFF696A5B1BAF8006A603AC7","REPOSITORY_HASH_RECORDED","PUBLIC_KEEP_PROJECT_DERIVATIVE_CC_BY_SA_4_0","Accepted family, global, class, or closeout regression reference; retained byte-identically as an accepted project analysis derivative"
"results/reference/global/GLOBAL_ALPHA0001_CALL_JACCARD_MATRIX.csv","NUMERICAL_REFERENCE","Pooled-parent comparative final audit and freeze","Pooled_Parent_Ketamine_Final_Audit_And_Freeze_20260813_191547","audits/OUTPUT_CODE_LINEAGE.csv","NOT_RECORDED_SEPARATELY","NOT_RECORDED_SEPARATELY","10069","D6CC5D8F8A504BC583A85F70C0B6A7C410A679F99755662A7F16505CE2C55503","REPOSITORY_HASH_RECORDED","PUBLIC_KEEP_PROJECT_DERIVATIVE_CC_BY_SA_4_0","Accepted family, global, class, or closeout regression reference; retained byte-identically as an accepted project analysis derivative"
"results/reference/global/GLOBAL_ALPHA001_CALL_JACCARD_MATRIX.csv","NUMERICAL_REFERENCE","Pooled-parent comparative final audit and freeze","Pooled_Parent_Ketamine_Final_Audit_And_Freeze_20260813_191547","audits/OUTPUT_CODE_LINEAGE.csv","NOT_RECORDED_SEPARATELY","NOT_RECORDED_SEPARATELY","11153","D6F7C9E00A968563BC32629A8DAFC753306D8D827669143952A0162580C48A03","REPOSITORY_HASH_RECORDED","PUBLIC_KEEP_PROJECT_DERIVATIVE_CC_BY_SA_4_0","Accepted family, global, class, or closeout regression reference; retained byte-identically as an accepted project analysis derivative"
"results/reference/global/GLOBAL_ALPHA001_SIGNED_SPARSE_COSINE_MATRIX.csv","NUMERICAL_REFERENCE","Pooled-parent comparative final audit and freeze","Pooled_Parent_Ketamine_Final_Audit_And_Freeze_20260813_191547","audits/OUTPUT_CODE_LINEAGE.csv","NOT_RECORDED_SEPARATELY","NOT_RECORDED_SEPARATELY","12173","1E01C759DC6C8439037C018026F1F107346BEA92AF0F9E23B8CE562009163055","REPOSITORY_HASH_RECORDED","PUBLIC_KEEP_PROJECT_DERIVATIVE_CC_BY_SA_4_0","Accepted family, global, class, or closeout regression reference; retained byte-identically as an accepted project analysis derivative"
"results/reference/global/GLOBAL_AVERAGE_LINKAGE.csv","NUMERICAL_REFERENCE","Pooled-parent comparative final audit and freeze","Pooled_Parent_Ketamine_Final_Audit_And_Freeze_20260813_191547","audits/OUTPUT_CODE_LINEAGE.csv","NOT_RECORDED_SEPARATELY","NOT_RECORDED_SEPARATELY","8179","38743A2831E981CCAAE728DBB5D8ABFF7D24C76D9B60525A64C6D6B8802B61B7","REPOSITORY_HASH_RECORDED","PUBLIC_KEEP_PROJECT_DERIVATIVE_CC_BY_SA_4_0","Accepted family, global, class, or closeout regression reference; retained byte-identically as an accepted project analysis derivative"
"results/reference/global/GLOBAL_FIXED_REFERENCE_PCA_LOADINGS.csv","NUMERICAL_REFERENCE","Pooled-parent comparative final audit and freeze","Pooled_Parent_Ketamine_Final_Audit_And_Freeze_20260813_191547","audits/OUTPUT_CODE_LINEAGE.csv","NOT_RECORDED_SEPARATELY","NOT_RECORDED_SEPARATELY","97733","77C897290FE62EE997C1AE11D661CC0DF773590FE1270833B1BD3ED1F84F570F","REPOSITORY_HASH_RECORDED","PUBLIC_KEEP_PROJECT_DERIVATIVE_CC_BY_SA_4_0","Accepted family, global, class, or closeout regression reference; retained byte-identically as an accepted project analysis derivative"
"results/reference/global/GLOBAL_FIXED_REFERENCE_PCA_SCORES.csv","NUMERICAL_REFERENCE","Pooled-parent comparative final audit and freeze","Pooled_Parent_Ketamine_Final_Audit_And_Freeze_20260813_191547","audits/OUTPUT_CODE_LINEAGE.csv","7116","79CCCB4DFA80C0FFB6F135AE31D5462939EB193A3D95B96AF5C4A922775749C0","7116","79CCCB4DFA80C0FFB6F135AE31D5462939EB193A3D95B96AF5C4A922775749C0","BYTE_IDENTICAL_SOURCE_COPY","PUBLIC_KEEP_PROJECT_DERIVATIVE_CC_BY_SA_4_0","Accepted family, global, class, or closeout regression reference; retained byte-identically as an accepted project analysis derivative"
"results/reference/global/GLOBAL_JOINT_CONTINUOUS_PCA_LOADINGS.csv","NUMERICAL_REFERENCE","Pooled-parent comparative final audit and freeze","Pooled_Parent_Ketamine_Final_Audit_And_Freeze_20260813_191547","audits/OUTPUT_CODE_LINEAGE.csv","NOT_RECORDED_SEPARATELY","NOT_RECORDED_SEPARATELY","163453","E3482737054B6CC60C51F4DFF7DBF782E67565854D765EE42B5625CF44B31CA7","REPOSITORY_HASH_RECORDED","PUBLIC_KEEP_PROJECT_DERIVATIVE_CC_BY_SA_4_0","Accepted family, global, class, or closeout regression reference; retained byte-identically as an accepted project analysis derivative"
"results/reference/global/GLOBAL_JOINT_CONTINUOUS_PCA_SCORES.csv","NUMERICAL_REFERENCE","Pooled-parent comparative final audit and freeze","Pooled_Parent_Ketamine_Final_Audit_And_Freeze_20260813_191547","audits/OUTPUT_CODE_LINEAGE.csv","NOT_RECORDED_SEPARATELY","NOT_RECORDED_SEPARATELY","6090","27160D736BEE860F8AE20A26453EF69AE452DE1F4F0F51991E35C03F397B093E","REPOSITORY_HASH_RECORDED","PUBLIC_KEEP_PROJECT_DERIVATIVE_CC_BY_SA_4_0","Accepted family, global, class, or closeout regression reference; retained byte-identically as an accepted project analysis derivative"
"results/reference/global/GLOBAL_MODEL_STATUS.csv","NUMERICAL_REFERENCE","Pooled-parent comparative final audit and freeze","Pooled_Parent_Ketamine_Final_Audit_And_Freeze_20260813_191547","audits/OUTPUT_CODE_LINEAGE.csv","NOT_RECORDED_SEPARATELY","NOT_RECORDED_SEPARATELY","9623","A32606C98F49603FCC3AE027FDA20EFB6B54C3A9A69B4ED1FF23550B02E1A12D","REPOSITORY_HASH_RECORDED","PUBLIC_KEEP_PROJECT_DERIVATIVE_CC_BY_SA_4_0","Accepted family, global, class, or closeout regression reference; retained byte-identically as an accepted project analysis derivative"
"results/reference/global/GLOBAL_RMS_DISTANCE_MATRIX.csv","NUMERICAL_REFERENCE","Pooled-parent comparative final audit and freeze","Pooled_Parent_Ketamine_Final_Audit_And_Freeze_20260813_191547","audits/OUTPUT_CODE_LINEAGE.csv","NOT_RECORDED_SEPARATELY","NOT_RECORDED_SEPARATELY","8669","8268EEE453F15CF846F898942A2E27215A290E8CFA60DD236530E60B95D50081","REPOSITORY_HASH_RECORDED","PUBLIC_KEEP_PROJECT_DERIVATIVE_CC_BY_SA_4_0","Accepted family, global, class, or closeout regression reference; retained byte-identically as an accepted project analysis derivative"
"results/reference/global/GLOBAL_RMS_DISTANCE_SUBSET_AUDIT.csv","NUMERICAL_REFERENCE","Pooled-parent comparative final audit and freeze","Pooled_Parent_Ketamine_Final_Audit_And_Freeze_20260813_191547","audits/OUTPUT_CODE_LINEAGE.csv","NOT_RECORDED_SEPARATELY","NOT_RECORDED_SEPARATELY","1545","C550A4658E90BC3F2C78752288E49D22E5B16F9E6F73D15D765BC8AE29973B01","REPOSITORY_HASH_RECORDED","PUBLIC_KEEP_PROJECT_DERIVATIVE_CC_BY_SA_4_0","Accepted family, global, class, or closeout regression reference; retained byte-identically as an accepted project analysis derivative"
"results/reference/global/GLOBAL_RMS_PCOA_COORDINATES.csv","NUMERICAL_REFERENCE","Pooled-parent comparative final audit and freeze","Pooled_Parent_Ketamine_Final_Audit_And_Freeze_20260813_191547","audits/OUTPUT_CODE_LINEAGE.csv","NOT_RECORDED_SEPARATELY","NOT_RECORDED_SEPARATELY","2422","71A2B622AC1BBAFE5A6C660BB1EA3F2C4BBFDFEF23EAA71ECD648522B0159E2A","REPOSITORY_HASH_RECORDED","PUBLIC_KEEP_PROJECT_DERIVATIVE_CC_BY_SA_4_0","Accepted family, global, class, or closeout regression reference; retained byte-identically as an accepted project analysis derivative"
"results/reference/global/GLOBAL_SPARSE_ALPHA0001_PCA_LOADINGS.csv","NUMERICAL_REFERENCE","Pooled-parent comparative final audit and freeze","Pooled_Parent_Ketamine_Final_Audit_And_Freeze_20260813_191547","audits/OUTPUT_CODE_LINEAGE.csv","NOT_RECORDED_SEPARATELY","NOT_RECORDED_SEPARATELY","5410","B07F45C4877762EF157B4C85D464716FC6AAD0BA8D7244B8A722C79572FB53C9","REPOSITORY_HASH_RECORDED","PUBLIC_KEEP_PROJECT_DERIVATIVE_CC_BY_SA_4_0","Accepted family, global, class, or closeout regression reference; retained byte-identically as an accepted project analysis derivative"
"results/reference/global/GLOBAL_SPARSE_ALPHA0001_PCA_SCORES.csv","NUMERICAL_REFERENCE","Pooled-parent comparative final audit and freeze","Pooled_Parent_Ketamine_Final_Audit_And_Freeze_20260813_191547","audits/OUTPUT_CODE_LINEAGE.csv","NOT_RECORDED_SEPARATELY","NOT_RECORDED_SEPARATELY","6239","6989DF9C3D92A250458184EFFF21285276A0743A56017B86FC15C0321EF89EF8","REPOSITORY_HASH_RECORDED","PUBLIC_KEEP_PROJECT_DERIVATIVE_CC_BY_SA_4_0","Accepted family, global, class, or closeout regression reference; retained byte-identically as an accepted project analysis derivative"
"results/reference/global/GLOBAL_SPARSE_ALPHA001_PCA_LOADINGS.csv","NUMERICAL_REFERENCE","Pooled-parent comparative final audit and freeze","Pooled_Parent_Ketamine_Final_Audit_And_Freeze_20260813_191547","audits/OUTPUT_CODE_LINEAGE.csv","NOT_RECORDED_SEPARATELY","NOT_RECORDED_SEPARATELY","6404","14B6A083ABE2865F47B4AA9CF3A3BD62BC98B99A600A53F0FBA8F334E9272F60","REPOSITORY_HASH_RECORDED","PUBLIC_KEEP_PROJECT_DERIVATIVE_CC_BY_SA_4_0","Accepted family, global, class, or closeout regression reference; retained byte-identically as an accepted project analysis derivative"
"results/reference/global/GLOBAL_SPARSE_ALPHA001_PCA_SCORES.csv","NUMERICAL_REFERENCE","Pooled-parent comparative final audit and freeze","Pooled_Parent_Ketamine_Final_Audit_And_Freeze_20260813_191547","audits/OUTPUT_CODE_LINEAGE.csv","NOT_RECORDED_SEPARATELY","NOT_RECORDED_SEPARATELY","6159","1D3A59C6F427F44B6B5DF5ACDC5F65EBCB245626253DBB220A588A1ACCB2A932","REPOSITORY_HASH_RECORDED","PUBLIC_KEEP_PROJECT_DERIVATIVE_CC_BY_SA_4_0","Accepted family, global, class, or closeout regression reference; retained byte-identically as an accepted project analysis derivative"
"results/reference/global/GLOBAL_TARGET_LEVEL_PCA_LOADINGS.csv","NUMERICAL_REFERENCE","Pooled-parent comparative final audit and freeze","Pooled_Parent_Ketamine_Final_Audit_And_Freeze_20260813_191547","audits/OUTPUT_CODE_LINEAGE.csv","NOT_RECORDED_SEPARATELY","NOT_RECORDED_SEPARATELY","5425","7EF6F6431C54DD7FFB7E8951324A14C650A0F051D204FFD003576B0D96B8D379","REPOSITORY_HASH_RECORDED","PUBLIC_KEEP_PROJECT_DERIVATIVE_CC_BY_SA_4_0","Accepted family, global, class, or closeout regression reference; retained byte-identically as an accepted project analysis derivative"
"results/reference/global/GLOBAL_TARGET_LEVEL_PCA_SCORES.csv","NUMERICAL_REFERENCE","Pooled-parent comparative final audit and freeze","Pooled_Parent_Ketamine_Final_Audit_And_Freeze_20260813_191547","audits/OUTPUT_CODE_LINEAGE.csv","NOT_RECORDED_SEPARATELY","NOT_RECORDED_SEPARATELY","6049","55667CABC905528EB66C39E20C7C3E16C436196755E07FD9B86F1068F1BCC191","REPOSITORY_HASH_RECORDED","PUBLIC_KEEP_PROJECT_DERIVATIVE_CC_BY_SA_4_0","Accepted family, global, class, or closeout regression reference; retained byte-identically as an accepted project analysis derivative"
"results/reference/global/GLOBAL_WEIGHTED_MDS_COORDINATES.csv","NUMERICAL_REFERENCE","Pooled-parent comparative final audit and freeze","Pooled_Parent_Ketamine_Final_Audit_And_Freeze_20260813_191547","audits/OUTPUT_CODE_LINEAGE.csv","NOT_RECORDED_SEPARATELY","NOT_RECORDED_SEPARATELY","1648","098A4A49E041ADBEE924816206BB9405C8CF3DD84A558E5ED7CA443F38E69446","REPOSITORY_HASH_RECORDED","PUBLIC_KEEP_PROJECT_DERIVATIVE_CC_BY_SA_4_0","Accepted family, global, class, or closeout regression reference; retained byte-identically as an accepted project analysis derivative"
"results/reference/whole_body/CNS_SMOKE_TEST.json","WHOLE_BODY_REFERENCE","Complete pooled-parent whole-body fingerprint package","Ketamine_whole_body_fingerprint_20260813","audits/SOURCE_SNAPSHOT_MANIFEST.tsv","302","DCF09C95688C39C2B0E544BA4F886A5EFCC189A625524176BD3203944F847731","293","16941D78187F15FFACDDD6B89C641F7184F875E7C4704CE4DF53EA613BC05541","LOCAL_PROVENANCE_PATHS_ALIASED_NUMERICAL_CONTENT_PRESERVED","PUBLIC_KEEP_PROJECT_DERIVATIVE_CC_BY_SA_4_0","Validated pooled-parent 77-tissue fingerprint derivative; retained byte-identically as an accepted project analysis derivative"
"results/reference/whole_body/KETAMINE_WHOLE_BODY_FINGERPRINT_ALPHA_0p0001.csv","WHOLE_BODY_REFERENCE","Complete pooled-parent whole-body fingerprint package","Ketamine_whole_body_fingerprint_20260813","audits/SOURCE_SNAPSHOT_MANIFEST.tsv","23812","51A0E09A71869075D1C35DC1EEAA1E04171B22107B6654B90EDFF7CE22E7B649","22101","F78C8D209F663C2C7AE077118E9CEF96C035DA6FD8D4F27CF4AB95031211C147","LOCAL_PROVENANCE_PATHS_ALIASED_NUMERICAL_CONTENT_PRESERVED","PUBLIC_KEEP_PROJECT_DERIVATIVE_CC_BY_SA_4_0","Validated pooled-parent 77-tissue fingerprint derivative; retained byte-identically as an accepted project analysis derivative"
"results/reference/whole_body/KETAMINE_WHOLE_BODY_FINGERPRINT_ALPHA_0p001.csv","WHOLE_BODY_REFERENCE","Complete pooled-parent whole-body fingerprint package","Ketamine_whole_body_fingerprint_20260813","audits/SOURCE_SNAPSHOT_MANIFEST.tsv","36783","F4080415A189842AB9698CEAA4A88F4804E3455AA8CE339016DF424807AA2002","34127","ABB2AA0BC6E3343E0EEDA91CCA9B0699356C770542B9B7B1FF9976F86EEB9A0E","LOCAL_PROVENANCE_PATHS_ALIASED_NUMERICAL_CONTENT_PRESERVED","PUBLIC_KEEP_PROJECT_DERIVATIVE_CC_BY_SA_4_0","Validated pooled-parent 77-tissue fingerprint derivative; retained byte-identically as an accepted project analysis derivative"
"results/reference/whole_body/KETAMINE_WHOLE_BODY_FINGERPRINT_SUMMARY_METRICS.csv","WHOLE_BODY_REFERENCE","Complete pooled-parent whole-body fingerprint package","Ketamine_whole_body_fingerprint_20260813","audits/SOURCE_SNAPSHOT_MANIFEST.tsv","704","81C1B0095DA20C71F14FEE9FCA0DFDA265B7621491084043B93AEA6E4B5D798F","682","30F72624E1EEF5CBD095B9D4DDAE7E2125914A90A40ECFF5F942129A9F8682A7","LOCAL_PROVENANCE_PATHS_ALIASED_NUMERICAL_CONTENT_PRESERVED","PUBLIC_KEEP_PROJECT_DERIVATIVE_CC_BY_SA_4_0","Validated pooled-parent 77-tissue fingerprint derivative; retained byte-identically as an accepted project analysis derivative"
"results/reference/whole_body/QC_RESULTS.json","WHOLE_BODY_REFERENCE","Complete pooled-parent whole-body fingerprint package","Ketamine_whole_body_fingerprint_20260813","audits/SOURCE_SNAPSHOT_MANIFEST.tsv","1258","BFA0155C3B89B16E124E25A23702F9129239281AAECDFB3436C30983AA34BC11","1213","044B2EBE4FFCD2F85784877CCC09AC97AFCED428E1A082E7057090FD89107707","LOCAL_PROVENANCE_PATHS_ALIASED_NUMERICAL_CONTENT_PRESERVED","PUBLIC_KEEP_PROJECT_DERIVATIVE_CC_BY_SA_4_0","Validated pooled-parent 77-tissue fingerprint derivative; retained byte-identically as an accepted project analysis derivative"
