analysis_id,representation,method,status,authority_validation_status,reason,sample_count,feature_count,rank,component_count,explained_variance_sum,iterations,converged,observed_reconstruction_rmse,input_roster,excluded_compounds,stress,seed,query_projection_status,query_projection_details,reference_roster,reference_axes_refit_with_query,class_id,class_label,trace_source,trace_record_number,classification_note
FAMILY_JOINT_CONTINUOUS_PCA,strict18_common_rhr,EM_SVD_MISSINGNESS_AWARE_PCA,CURRENT_SUCCESS,PASS_WITH_LIMITATION,EM-SVD did not meet convergence tolerance; point estimate retained,10.0,636.0,9.0,2.0,0.9835744825264897,300.0,False,0.05761436999116512,"Ketamine, pooled parent; Ketamine, confirmed racemate; S-ketamine; R-ketamine; Hydroxyketamine, unspecified isomer aggregate; (2R,6R)-hydroxynorketamine; (2S,6S)-hydroxynorketamine; Hydroxynorketamine / HNK, generic identity; Hydroxyketamine, generic E7 identity; Norketamine",,,,,,,,,,results/reference/FINAL_MODEL_STATUS.csv,2,Accepted current numerical output; retained limitation is recorded in reason/convergence fields
FAMILY_COMPLETE_CASE_PCA,strict18_common_rhr,COMPLETE_CASE_SVD_PCA,CURRENT_SUCCESS,PASS,,10.0,18.0,7.0,2.0,0.8714888952088258,1.0,True,0.13271750900871426,"Ketamine, pooled parent; Ketamine, confirmed racemate; S-ketamine; R-ketamine; Hydroxyketamine, unspecified isomer aggregate; (2R,6R)-hydroxynorketamine; (2S,6S)-hydroxynorketamine; Hydroxynorketamine / HNK, generic identity; Hydroxyketamine, generic E7 identity; Norketamine",,,,,,,,,,results/reference/FINAL_MODEL_STATUS.csv,3,Accepted current numerical output
FAMILY_TARGET_LEVEL_PCA,target_mean_common_rhr,EM_SVD_MISSINGNESS_AWARE_PCA,CURRENT_SUCCESS,PASS_WITH_LIMITATION,EM-SVD did not meet convergence tolerance; point estimate retained,10.0,38.0,9.0,2.0,0.9977535331892954,300.0,False,0.02412423601827254,"Ketamine, pooled parent; Ketamine, confirmed racemate; S-ketamine; R-ketamine; Hydroxyketamine, unspecified isomer aggregate; (2R,6R)-hydroxynorketamine; (2S,6S)-hydroxynorketamine; Hydroxynorketamine / HNK, generic identity; Hydroxyketamine, generic E7 identity; Norketamine",,,,,,,,,,results/reference/FINAL_MODEL_STATUS.csv,4,Accepted current numerical output; retained limitation is recorded in reason/convergence fields
FAMILY_SHARED_TARGET_PCA,complete_case_target_mean_common_rhr,COMPLETE_CASE_SVD_PCA,CURRENT_SUCCESS,PASS,,10.0,1.0,1.0,1.0,1.0,1.0,True,1.2412670766236365e-17,"Ketamine, pooled parent; Ketamine, confirmed racemate; S-ketamine; R-ketamine; Hydroxyketamine, unspecified isomer aggregate; (2R,6R)-hydroxynorketamine; (2S,6S)-hydroxynorketamine; Hydroxynorketamine / HNK, generic identity; Hydroxyketamine, generic E7 identity; Norketamine",,,,,,,,,,results/reference/FINAL_MODEL_STATUS.csv,5,Accepted current numerical output
FAMILY_SPARSE_ALPHA001_PCA,alpha001_binary_0_1_NA,EM_SVD_MISSINGNESS_AWARE_PCA,CURRENT_SUCCESS,PASS_WITH_LIMITATION,EM-SVD did not meet convergence tolerance; point estimate retained,10.0,17.0,9.0,2.0,0.9855495925287217,300.0,False,0.10919776506874766,"Ketamine, pooled parent; Ketamine, confirmed racemate; S-ketamine; R-ketamine; Hydroxyketamine, unspecified isomer aggregate; (2R,6R)-hydroxynorketamine; (2S,6S)-hydroxynorketamine; Hydroxynorketamine / HNK, generic identity; Hydroxyketamine, generic E7 identity; Norketamine",,,,,,,,,,results/reference/FINAL_MODEL_STATUS.csv,6,Accepted current numerical output; retained limitation is recorded in reason/convergence fields
FAMILY_SPARSE_ALPHA0001_PCA,alpha0001_binary_0_1_NA,EM_SVD_MISSINGNESS_AWARE_PCA,CURRENT_SUCCESS,PASS_WITH_LIMITATION,EM-SVD did not meet convergence tolerance; point estimate retained,10.0,15.0,9.0,2.0,0.9982055689389657,300.0,False,0.05352478537700206,"Ketamine, pooled parent; Ketamine, confirmed racemate; S-ketamine; R-ketamine; Hydroxyketamine, unspecified isomer aggregate; (2R,6R)-hydroxynorketamine; (2S,6S)-hydroxynorketamine; Hydroxynorketamine / HNK, generic identity; Hydroxyketamine, generic E7 identity; Norketamine",,,,,,,,,,results/reference/FINAL_MODEL_STATUS.csv,7,Accepted current numerical output; retained limitation is recorded in reason/convergence fields
FAMILY_RMS_PCOA,pairwise_rms,PCOA,CURRENT_SUCCESS,PASS,,10.0,,6.0,2.0,0.8236548112360582,,,,"Ketamine, pooled parent; Ketamine, confirmed racemate; S-ketamine; R-ketamine; Hydroxyketamine, unspecified isomer aggregate; (2R,6R)-hydroxynorketamine; (2S,6S)-hydroxynorketamine; Hydroxynorketamine / HNK, generic identity; Hydroxyketamine, generic E7 identity; Norketamine",,,,,,,,,,results/reference/FINAL_MODEL_STATUS.csv,8,Accepted current numerical output
FAMILY_WEIGHTED_MDS,pairwise_rms,WEIGHTED_METRIC_MDS,CURRENT_SUCCESS,PASS,,10.0,,,2.0,,,,,"Ketamine, pooled parent; Ketamine, confirmed racemate; S-ketamine; R-ketamine; Hydroxyketamine, unspecified isomer aggregate; (2R,6R)-hydroxynorketamine; (2S,6S)-hydroxynorketamine; Hydroxynorketamine / HNK, generic identity; Hydroxyketamine, generic E7 identity; Norketamine",,0.13384203700073666,20260813.0,,,,,,,results/reference/FINAL_MODEL_STATUS.csv,9,Accepted current numerical output
FAMILY_AVERAGE_LINKAGE,pairwise_rms,AVERAGE_LINKAGE_HIERARCHICAL_CLUSTERING,CURRENT_SUCCESS,PASS,,10.0,,,,,,,,"Ketamine, pooled parent; Ketamine, confirmed racemate; S-ketamine; R-ketamine; Hydroxyketamine, unspecified isomer aggregate; (2R,6R)-hydroxynorketamine; (2S,6S)-hydroxynorketamine; Hydroxynorketamine / HNK, generic identity; Hydroxyketamine, generic E7 identity; Norketamine",,,,,,,,,,results/reference/FINAL_MODEL_STATUS.csv,10,Accepted current numerical output
GLOBAL_JOINT_CONTINUOUS_PCA,strict18_common_rhr,EM_SVD_MISSINGNESS_AWARE_PCA,CURRENT_SUCCESS,PASS_WITH_LIMITATION,EM-SVD did not meet convergence tolerance; point estimate retained,35.0,779.0,34.0,2.0,0.9862560966138564,300.0,False,0.10714130999902112,"Ketamine, pooled parent; Ketamine, confirmed racemate; S-ketamine; R-ketamine; Hydroxyketamine, unspecified isomer aggregate; Bupropion; Fluoxetine; Duloxetine; Venlafaxine; Scopolamine; Dextromethorphan; Morphine; Propofol; Dexmedetomidine; Lysergide (LSD); Psilocin; Clozapine; Chlorpromazine; Sertraline; Mirtazapine; Aripiprazole; Haloperidol; Olanzapine; Risperidone; Quetiapine; Ziprasidone; PCP; Valproate; Lamotrigine; Psilocybin; (2R,6R)-hydroxynorketamine; (2S,6S)-hydroxynorketamine; Hydroxynorketamine / HNK, generic identity; Hydroxyketamine, generic E7 identity; Norketamine",,,,,,,,,,results/reference/FINAL_MODEL_STATUS.csv,11,Accepted current numerical output; retained limitation is recorded in reason/convergence fields
GLOBAL_COMPLETE_CASE_PCA,strict18_common_rhr,COMPLETE_CASE_SVD_PCA,NONESTIMABLE,NOT_ESTIMABLE,No estimable complete-case PCA matrix,,,,,,,,,,,,,,,,,,,results/reference/FINAL_MODEL_STATUS.csv,12,No estimable current numerical output; model was not forced
GLOBAL_TARGET_LEVEL_PCA,target_mean_common_rhr,EM_SVD_MISSINGNESS_AWARE_PCA,CURRENT_SUCCESS,PASS_WITH_LIMITATION,EM-SVD did not meet convergence tolerance; point estimate retained,35.0,45.0,34.0,2.0,0.9926131533187987,300.0,False,0.05611115786915532,"Ketamine, pooled parent; Ketamine, confirmed racemate; S-ketamine; R-ketamine; Hydroxyketamine, unspecified isomer aggregate; Bupropion; Fluoxetine; Duloxetine; Venlafaxine; Scopolamine; Dextromethorphan; Morphine; Propofol; Dexmedetomidine; Lysergide (LSD); Psilocin; Clozapine; Chlorpromazine; Sertraline; Mirtazapine; Aripiprazole; Haloperidol; Olanzapine; Risperidone; Quetiapine; Ziprasidone; PCP; Valproate; Lamotrigine; Psilocybin; (2R,6R)-hydroxynorketamine; (2S,6S)-hydroxynorketamine; Hydroxynorketamine / HNK, generic identity; Hydroxyketamine, generic E7 identity; Norketamine",,,,,,,,,,results/reference/FINAL_MODEL_STATUS.csv,13,Accepted current numerical output; retained limitation is recorded in reason/convergence fields
GLOBAL_SHARED_TARGET_PCA,complete_case_target_mean_common_rhr,SHARED_TARGET_COMPLETE_CASE_PCA,NONESTIMABLE,NOT_ESTIMABLE,No estimable complete-case PCA matrix,,,,,,,,,,,,,,,,,,,results/reference/FINAL_MODEL_STATUS.csv,14,No estimable current numerical output; model was not forced
GLOBAL_SPARSE_ALPHA001_PCA,alpha001_binary_0_1_NA,EM_SVD_MISSINGNESS_AWARE_PCA,CURRENT_SUCCESS,PASS_WITH_LIMITATION,EM-SVD did not meet convergence tolerance; point estimate retained,35.0,30.0,23.0,2.0,0.9546591518616964,300.0,False,0.21883520923625704,"Ketamine, pooled parent; Ketamine, confirmed racemate; S-ketamine; R-ketamine; Hydroxyketamine, unspecified isomer aggregate; Bupropion; Fluoxetine; Duloxetine; Venlafaxine; Scopolamine; Dextromethorphan; Morphine; Propofol; Dexmedetomidine; Lysergide (LSD); Psilocin; Clozapine; Chlorpromazine; Sertraline; Mirtazapine; Aripiprazole; Haloperidol; Olanzapine; Risperidone; Quetiapine; Ziprasidone; PCP; Valproate; Lamotrigine; Psilocybin; (2R,6R)-hydroxynorketamine; (2S,6S)-hydroxynorketamine; Hydroxynorketamine / HNK, generic identity; Hydroxyketamine, generic E7 identity; Norketamine",,,,,,,,,,results/reference/FINAL_MODEL_STATUS.csv,15,Accepted current numerical output; retained limitation is recorded in reason/convergence fields
GLOBAL_SPARSE_ALPHA0001_PCA,alpha0001_binary_0_1_NA,EM_SVD_MISSINGNESS_AWARE_PCA,CURRENT_SUCCESS,PASS_WITH_LIMITATION,EM-SVD did not meet convergence tolerance; point estimate retained,35.0,25.0,19.0,2.0,0.9531429676955034,300.0,False,0.20462314400569592,"Ketamine, pooled parent; Ketamine, confirmed racemate; S-ketamine; R-ketamine; Hydroxyketamine, unspecified isomer aggregate; Bupropion; Fluoxetine; Duloxetine; Venlafaxine; Scopolamine; Dextromethorphan; Morphine; Propofol; Dexmedetomidine; Lysergide (LSD); Psilocin; Clozapine; Chlorpromazine; Sertraline; Mirtazapine; Aripiprazole; Haloperidol; Olanzapine; Risperidone; Quetiapine; Ziprasidone; PCP; Valproate; Lamotrigine; Psilocybin; (2R,6R)-hydroxynorketamine; (2S,6S)-hydroxynorketamine; Hydroxynorketamine / HNK, generic identity; Hydroxyketamine, generic E7 identity; Norketamine",,,,,,,,,,results/reference/FINAL_MODEL_STATUS.csv,16,Accepted current numerical output; retained limitation is recorded in reason/convergence fields
GLOBAL_FIXED_REFERENCE_PCA,strict18_common_rhr,FROZEN_REFERENCE_EM_SVD_PCA_WITH_WLS_QUERY_PROJECTION,CURRENT_SUCCESS,PASS_WITH_LIMITATION,EM-SVD did not meet convergence tolerance; point estimate retained,25.0,468.0,24.0,2.0,0.9753390349249782,300.0,False,0.11116240979371785,Bupropion; Fluoxetine; Duloxetine; Venlafaxine; Scopolamine; Dextromethorphan; Morphine; Propofol; Dexmedetomidine; Lysergide (LSD); Psilocin; Clozapine; Chlorpromazine; Sertraline; Mirtazapine; Aripiprazole; Haloperidol; Olanzapine; Risperidone; Quetiapine; Ziprasidone; PCP; Valproate; Lamotrigine; Psilocybin,,,,ESTIMATED; ESTIMATED; ESTIMATED; ESTIMATED; ESTIMATED; ESTIMATED; ESTIMATED; ESTIMATED; ESTIMATED; ESTIMATED,"[{'compound': 'Ketamine, pooled parent', 'status': 'ESTIMATED', 'observed_features': 450, 'condition_number': 1.0301612307839851, 'coordinates': [3.6561804701853, 1.6287490536362472], 'projection_rmse': 0.1193104072148933}, {'compound': 'Ketamine, confirmed racemate', 'status': 'ESTIMATED', 'observed_features': 198, 'condition_number': 1.2096303691755792, 'coordinates': [-10.777960914303042, 0.3057962348735587], 'projection_rmse': 0.34416273437468814}, {'compound': 'S-ketamine', 'status': 'ESTIMATED', 'observed_features': 342, 'condition_number': 1.1852666895304573, 'coordinates': [-9.369040787299818, 0.11800431635710494], 'projection_rmse': 0.26571918657756427}, {'compound': 'R-ketamine', 'status': 'ESTIMATED', 'observed_features': 324, 'condition_number': 1.137348777883227, 'coordinates': [-9.18133202235348, -0.28305962186356287], 'projection_rmse': 0.2648099731633403}, {'compound': 'Hydroxyketamine, unspecified isomer aggregate', 'status': 'ESTIMATED', 'observed_features': 324, 'condition_number': 1.137348777883227, 'coordinates': [-9.18133202235348, -0.28305962186356287], 'projection_rmse': 0.2648099731633403}, {'compound': '(2R,6R)-hydroxynorketamine', 'status': 'ESTIMATED', 'observed_features': 37, 'condition_number': 12.454978359206157, 'coordinates': [0.46348225982632735, 0.7107432090532786], 'projection_rmse': 0.43562616458008563}, {'compound': '(2S,6S)-hydroxynorketamine', 'status': 'ESTIMATED', 'observed_features': 18, 'condition_number': 15.248872696802065, 'coordinates': [-7.324674641067853, -17.95926369195215], 'projection_rmse': 0.48868335051085215}, {'compound': 'Hydroxynorketamine / HNK, generic identity', 'status': 'ESTIMATED', 'observed_features': 55, 'condition_number': 4.979377505901152, 'coordinates': [14.112752400330985, 20.193336487913083], 'projection_rmse': 0.42962477097012086}, {'compound': 'Hydroxyketamine, generic E7 identity', 'status': 'ESTIMATED', 'observed_features': 96, 'condition_number': 1.622067394627802, 'coordinates': [4.423024665683023, 2.108908619197154], 'projection_rmse': 0.6111313965198306}, {'compound': 'Norketamine', 'status': 'ESTIMATED', 'observed_features': 72, 'condition_number': 1.2735824833966636, 'coordinates': [5.30343837984026, 3.344334931501295], 'projection_rmse': 0.3967549015703097}]",Bupropion; Fluoxetine; Duloxetine; Venlafaxine; Scopolamine; Dextromethorphan; Morphine; Propofol; Dexmedetomidine; Lysergide (LSD); Psilocin; Clozapine; Chlorpromazine; Sertraline; Mirtazapine; Aripiprazole; Haloperidol; Olanzapine; Risperidone; Quetiapine; Ziprasidone; PCP; Valproate; Lamotrigine; Psilocybin,False,,,results/reference/FINAL_MODEL_STATUS.csv,17,Accepted current numerical output; retained limitation is recorded in reason/convergence fields
GLOBAL_RMS_PCOA,pairwise_rms,PCOA,CURRENT_SUCCESS,PASS_WITH_LIMITATION,"Distance ordination uses complete finite subset, n=21/35; excluded profiles are listed",21.0,,12.0,2.0,0.85051867308528,,,,"Ketamine, pooled parent; Ketamine, confirmed racemate; S-ketamine; R-ketamine; Hydroxyketamine, unspecified isomer aggregate; Fluoxetine; Duloxetine; Venlafaxine; Propofol; Dexmedetomidine; Clozapine; Chlorpromazine; Sertraline; Aripiprazole; Haloperidol; Olanzapine; Risperidone; Ziprasidone; PCP; Valproate; Hydroxyketamine, generic E7 identity","Dextromethorphan; Lamotrigine; (2S,6S)-hydroxynorketamine; (2R,6R)-hydroxynorketamine; Psilocin; Psilocybin; Scopolamine; Lysergide (LSD); Morphine; Norketamine; Mirtazapine; Hydroxynorketamine / HNK, generic identity; Quetiapine; Bupropion",,,,,,,,,results/reference/FINAL_MODEL_STATUS.csv,18,Accepted current numerical output; retained limitation is recorded in reason/convergence fields
GLOBAL_WEIGHTED_MDS,pairwise_rms,WEIGHTED_METRIC_MDS,CURRENT_SUCCESS,PASS_WITH_LIMITATION,"Distance ordination uses complete finite subset, n=21/35; excluded profiles are listed",21.0,,,2.0,,,,,"Ketamine, pooled parent; Ketamine, confirmed racemate; S-ketamine; R-ketamine; Hydroxyketamine, unspecified isomer aggregate; Fluoxetine; Duloxetine; Venlafaxine; Propofol; Dexmedetomidine; Clozapine; Chlorpromazine; Sertraline; Aripiprazole; Haloperidol; Olanzapine; Risperidone; Ziprasidone; PCP; Valproate; Hydroxyketamine, generic E7 identity","Dextromethorphan; Lamotrigine; (2S,6S)-hydroxynorketamine; (2R,6R)-hydroxynorketamine; Psilocin; Psilocybin; Scopolamine; Lysergide (LSD); Morphine; Norketamine; Mirtazapine; Hydroxynorketamine / HNK, generic identity; Quetiapine; Bupropion",3.9268542445790993,20260813.0,,,,,,,results/reference/FINAL_MODEL_STATUS.csv,19,Accepted current numerical output; retained limitation is recorded in reason/convergence fields
GLOBAL_AVERAGE_LINKAGE,pairwise_rms,AVERAGE_LINKAGE_HIERARCHICAL_CLUSTERING,CURRENT_SUCCESS,PASS_WITH_LIMITATION,"Hierarchical clustering uses complete finite subset, n=21/35; excluded profiles are listed",21.0,,,,,,,,"Ketamine, pooled parent; Ketamine, confirmed racemate; S-ketamine; R-ketamine; Hydroxyketamine, unspecified isomer aggregate; Fluoxetine; Duloxetine; Venlafaxine; Propofol; Dexmedetomidine; Clozapine; Chlorpromazine; Sertraline; Aripiprazole; Haloperidol; Olanzapine; Risperidone; Ziprasidone; PCP; Valproate; Hydroxyketamine, generic E7 identity","Dextromethorphan; Lamotrigine; (2S,6S)-hydroxynorketamine; (2R,6R)-hydroxynorketamine; Psilocin; Psilocybin; Scopolamine; Lysergide (LSD); Morphine; Norketamine; Mirtazapine; Hydroxynorketamine / HNK, generic identity; Quetiapine; Bupropion",,,,,,,,,results/reference/FINAL_MODEL_STATUS.csv,20,Accepted current numerical output; retained limitation is recorded in reason/convergence fields
ANALGESICS__JOINT_CONTINUOUS_PCA,strict18_common_rhr,EM_SVD_MISSINGNESS_AWARE_PCA,CURRENT_SUCCESS,PASS,,4.0,450.0,3.0,2.0,0.9999999999999996,39.0,True,5.765053094065912e-09,"Ketamine, pooled parent; Ketamine, confirmed racemate; Dextromethorphan; Morphine",,,,,,,,ANALGESICS,Analgesic context,results/reference/FINAL_MODEL_STATUS.csv,21,Accepted current numerical output
ANALGESICS__FIXED_REFERENCE_PCA,strict18_common_rhr,FROZEN_REFERENCE_PCA,NONESTIMABLE,NOT_ESTIMABLE,Fewer than three numerical external reference compounds,4.0,,,,,,,,"Ketamine, pooled parent; Ketamine, confirmed racemate; Dextromethorphan; Morphine",,,,,,,,ANALGESICS,Analgesic context,results/reference/FINAL_MODEL_STATUS.csv,22,No estimable current numerical output; model was not forced
ANALGESICS__TARGET_LEVEL_PCA,target_mean_common_rhr,TARGET_LEVEL_EM_SVD_PCA,CURRENT_SUCCESS,PASS,,4.0,25.0,3.0,2.0,1.0,30.0,True,7.478313185550687e-10,"Ketamine, pooled parent; Ketamine, confirmed racemate; Dextromethorphan; Morphine",,,,,,,,ANALGESICS,Analgesic context,results/reference/FINAL_MODEL_STATUS.csv,23,Accepted current numerical output
ANALGESICS__SPARSE_FINGERPRINT_PCA,alpha001_binary_0_1_NA,SUPPORT_AWARE_SPARSE_FINGERPRINT_EM_SVD_PCA,CURRENT_SUCCESS,PASS,,4.0,5.0,3.0,2.0,1.0,34.0,True,2.3030295307529555e-09,"Ketamine, pooled parent; Ketamine, confirmed racemate; Dextromethorphan; Morphine",,,,,,,,ANALGESICS,Analgesic context,results/reference/FINAL_MODEL_STATUS.csv,24,Accepted current numerical output
ANALGESICS__RMS_PCOA,pairwise_rms,PCOA,CURRENT_SUCCESS,PASS,,3.0,,1.0,1.0,1.0,,,,"Ketamine, pooled parent; Ketamine, confirmed racemate; Morphine",Dextromethorphan,,,,,,,ANALGESICS,Analgesic context,results/reference/FINAL_MODEL_STATUS.csv,25,Accepted current numerical output
ANALGESICS__WEIGHTED_MDS,pairwise_rms,WEIGHTED_METRIC_MDS,CURRENT_SUCCESS,PASS,,3.0,,,2.0,,,,,"Ketamine, pooled parent; Ketamine, confirmed racemate; Morphine",Dextromethorphan,0.0001053637933601,20260813.0,,,,,ANALGESICS,Analgesic context,results/reference/FINAL_MODEL_STATUS.csv,26,Accepted current numerical output
ANALGESICS__AVERAGE_LINKAGE,pairwise_rms,AVERAGE_LINKAGE_HIERARCHICAL_CLUSTERING,CURRENT_SUCCESS,PASS,,3.0,,,,,,,,"Ketamine, pooled parent; Ketamine, confirmed racemate; Morphine",Dextromethorphan,,,,,,,ANALGESICS,Analgesic context,results/reference/FINAL_MODEL_STATUS.csv,27,Accepted current numerical output
ANESTHETIC_SEDATIVE__JOINT_CONTINUOUS_PCA,strict18_common_rhr,EM_SVD_MISSINGNESS_AWARE_PCA,CURRENT_SUCCESS,PASS_WITH_LIMITATION,EM-SVD did not meet convergence tolerance; point estimate retained,4.0,540.0,3.0,2.0,0.9999958491545664,300.0,False,0.0007238450120924,"Ketamine, pooled parent; Ketamine, confirmed racemate; Dexmedetomidine; Propofol",,,,,,,,ANESTHETIC_SEDATIVE,Anesthetic and sedative context,results/reference/FINAL_MODEL_STATUS.csv,28,Accepted current numerical output; retained limitation is recorded in reason/convergence fields
ANESTHETIC_SEDATIVE__FIXED_REFERENCE_PCA,strict18_common_rhr,FROZEN_REFERENCE_PCA,NONESTIMABLE,NOT_ESTIMABLE,Fewer than three numerical external reference compounds,4.0,,,,,,,,"Ketamine, pooled parent; Ketamine, confirmed racemate; Dexmedetomidine; Propofol",,,,,,,,ANESTHETIC_SEDATIVE,Anesthetic and sedative context,results/reference/FINAL_MODEL_STATUS.csv,29,No estimable current numerical output; model was not forced
ANESTHETIC_SEDATIVE__TARGET_LEVEL_PCA,target_mean_common_rhr,TARGET_LEVEL_EM_SVD_PCA,CURRENT_SUCCESS,PASS,,4.0,30.0,3.0,2.0,0.999999999999999,124.0,True,5.616418150198506e-09,"Ketamine, pooled parent; Ketamine, confirmed racemate; Dexmedetomidine; Propofol",,,,,,,,ANESTHETIC_SEDATIVE,Anesthetic and sedative context,results/reference/FINAL_MODEL_STATUS.csv,30,Accepted current numerical output
ANESTHETIC_SEDATIVE__SPARSE_FINGERPRINT_PCA,alpha001_binary_0_1_NA,SUPPORT_AWARE_SPARSE_FINGERPRINT_EM_SVD_PCA,CURRENT_SUCCESS,PASS,,4.0,4.0,1.0,1.0,1.0,1.0,True,1.6302709355362946e-16,"Ketamine, pooled parent; Ketamine, confirmed racemate; Dexmedetomidine; Propofol",,,,,,,,ANESTHETIC_SEDATIVE,Anesthetic and sedative context,results/reference/FINAL_MODEL_STATUS.csv,31,Accepted current numerical output
ANESTHETIC_SEDATIVE__RMS_PCOA,pairwise_rms,PCOA,CURRENT_SUCCESS,PASS,,4.0,,2.0,2.0,1.0,,,,"Ketamine, pooled parent; Ketamine, confirmed racemate; Dexmedetomidine; Propofol",,,,,,,,ANESTHETIC_SEDATIVE,Anesthetic and sedative context,results/reference/FINAL_MODEL_STATUS.csv,32,Accepted current numerical output
ANESTHETIC_SEDATIVE__WEIGHTED_MDS,pairwise_rms,WEIGHTED_METRIC_MDS,CURRENT_SUCCESS,PASS,,4.0,,,2.0,,,,,"Ketamine, pooled parent; Ketamine, confirmed racemate; Dexmedetomidine; Propofol",,0.0181716030132647,20260813.0,,,,,ANESTHETIC_SEDATIVE,Anesthetic and sedative context,results/reference/FINAL_MODEL_STATUS.csv,33,Accepted current numerical output
ANESTHETIC_SEDATIVE__AVERAGE_LINKAGE,pairwise_rms,AVERAGE_LINKAGE_HIERARCHICAL_CLUSTERING,CURRENT_SUCCESS,PASS,,4.0,,,,,,,,"Ketamine, pooled parent; Ketamine, confirmed racemate; Dexmedetomidine; Propofol",,,,,,,,ANESTHETIC_SEDATIVE,Anesthetic and sedative context,results/reference/FINAL_MODEL_STATUS.csv,34,Accepted current numerical output
ANTIDEPRESSANTS_BROAD__JOINT_CONTINUOUS_PCA,strict18_common_rhr,EM_SVD_MISSINGNESS_AWARE_PCA,CURRENT_SUCCESS,PASS_WITH_LIMITATION,EM-SVD did not meet convergence tolerance; point estimate retained,10.0,666.0,9.0,2.0,0.9986629870164452,300.0,False,0.0290914672816409,"Ketamine, pooled parent; Ketamine, confirmed racemate; Bupropion; Dextromethorphan; Duloxetine; Fluoxetine; Mirtazapine; Scopolamine; Sertraline; Venlafaxine",,,,,,,,ANTIDEPRESSANTS_BROAD,Broad antidepressant and rapid-acting antidepressant context,results/reference/FINAL_MODEL_STATUS.csv,35,Accepted current numerical output; retained limitation is recorded in reason/convergence fields
ANTIDEPRESSANTS_BROAD__FIXED_REFERENCE_PCA,strict18_common_rhr,FROZEN_REFERENCE_EM_SVD_PCA_WITH_WLS_QUERY_PROJECTION,CURRENT_SUCCESS,PASS_WITH_LIMITATION,EM-SVD did not meet convergence tolerance; point estimate retained,8.0,324.0,7.0,2.0,0.9995862921256162,300.0,False,0.0091429286290199,Bupropion; Dextromethorphan; Duloxetine; Fluoxetine; Mirtazapine; Scopolamine; Sertraline; Venlafaxine,,,,ESTIMATED; ESTIMATED,"[{'compound': 'Ketamine, pooled parent', 'status': 'ESTIMATED', 'observed_features': 324, 'condition_number': 1.0000000000000002, 'coordinates': [-0.6051521269703597, -0.829416887877301], 'projection_rmse': 0.4616385097438103}, {'compound': 'Ketamine, confirmed racemate', 'status': 'ESTIMATED', 'observed_features': 126, 'condition_number': 1.4986840073918315, 'coordinates': [7.557480485757633, 6.168266720938087], 'projection_rmse': 0.2044132095119564}]",Bupropion; Dextromethorphan; Duloxetine; Fluoxetine; Mirtazapine; Scopolamine; Sertraline; Venlafaxine,False,ANTIDEPRESSANTS_BROAD,Broad antidepressant and rapid-acting antidepressant context,results/reference/FINAL_MODEL_STATUS.csv,36,Accepted current numerical output; retained limitation is recorded in reason/convergence fields
ANTIDEPRESSANTS_BROAD__TARGET_LEVEL_PCA,target_mean_common_rhr,TARGET_LEVEL_EM_SVD_PCA,CURRENT_SUCCESS,PASS_WITH_LIMITATION,EM-SVD did not meet convergence tolerance; point estimate retained,10.0,37.0,9.0,2.0,0.9994275483617931,300.0,False,0.0097669351300666,"Ketamine, pooled parent; Ketamine, confirmed racemate; Bupropion; Dextromethorphan; Duloxetine; Fluoxetine; Mirtazapine; Scopolamine; Sertraline; Venlafaxine",,,,,,,,ANTIDEPRESSANTS_BROAD,Broad antidepressant and rapid-acting antidepressant context,results/reference/FINAL_MODEL_STATUS.csv,37,Accepted current numerical output; retained limitation is recorded in reason/convergence fields
ANTIDEPRESSANTS_BROAD__SPARSE_FINGERPRINT_PCA,alpha001_binary_0_1_NA,SUPPORT_AWARE_SPARSE_FINGERPRINT_EM_SVD_PCA,CURRENT_SUCCESS,PASS_WITH_LIMITATION,EM-SVD did not meet convergence tolerance; point estimate retained,10.0,10.0,8.0,2.0,0.9935923139225784,300.0,False,0.0778551556766496,"Ketamine, pooled parent; Ketamine, confirmed racemate; Bupropion; Dextromethorphan; Duloxetine; Fluoxetine; Mirtazapine; Scopolamine; Sertraline; Venlafaxine",,,,,,,,ANTIDEPRESSANTS_BROAD,Broad antidepressant and rapid-acting antidepressant context,results/reference/FINAL_MODEL_STATUS.csv,38,Accepted current numerical output; retained limitation is recorded in reason/convergence fields
ANTIDEPRESSANTS_BROAD__RMS_PCOA,pairwise_rms,PCOA,CURRENT_SUCCESS,PASS,,7.0,,4.0,2.0,0.9643378322165734,,,,"Ketamine, pooled parent; Ketamine, confirmed racemate; Bupropion; Duloxetine; Fluoxetine; Sertraline; Venlafaxine",Scopolamine; Mirtazapine; Dextromethorphan,,,,,,,ANTIDEPRESSANTS_BROAD,Broad antidepressant and rapid-acting antidepressant context,results/reference/FINAL_MODEL_STATUS.csv,39,Accepted current numerical output
ANTIDEPRESSANTS_BROAD__WEIGHTED_MDS,pairwise_rms,WEIGHTED_METRIC_MDS,CURRENT_SUCCESS,PASS,,7.0,,,2.0,,,,,"Ketamine, pooled parent; Ketamine, confirmed racemate; Bupropion; Duloxetine; Fluoxetine; Sertraline; Venlafaxine",Scopolamine; Mirtazapine; Dextromethorphan,0.0099358488637224,20260813.0,,,,,ANTIDEPRESSANTS_BROAD,Broad antidepressant and rapid-acting antidepressant context,results/reference/FINAL_MODEL_STATUS.csv,40,Accepted current numerical output
ANTIDEPRESSANTS_BROAD__AVERAGE_LINKAGE,pairwise_rms,AVERAGE_LINKAGE_HIERARCHICAL_CLUSTERING,CURRENT_SUCCESS,PASS,,7.0,,,,,,,,"Ketamine, pooled parent; Ketamine, confirmed racemate; Bupropion; Duloxetine; Fluoxetine; Sertraline; Venlafaxine",Scopolamine; Mirtazapine; Dextromethorphan,,,,,,,ANTIDEPRESSANTS_BROAD,Broad antidepressant and rapid-acting antidepressant context,results/reference/FINAL_MODEL_STATUS.csv,41,Accepted current numerical output
ANTIPSYCHOTICS_BROAD__JOINT_CONTINUOUS_PCA,strict18_common_rhr,EM_SVD_MISSINGNESS_AWARE_PCA,CURRENT_SUCCESS,PASS_WITH_LIMITATION,EM-SVD did not meet convergence tolerance; point estimate retained,10.0,720.0,9.0,2.0,0.9581137473027634,300.0,False,0.1038020445228348,"Ketamine, pooled parent; Ketamine, confirmed racemate; Aripiprazole; Chlorpromazine; Clozapine; Haloperidol; Olanzapine; Quetiapine; Risperidone; Ziprasidone",,,,,,,,ANTIPSYCHOTICS_BROAD,Broad antipsychotic reference set,results/reference/FINAL_MODEL_STATUS.csv,42,Accepted current numerical output; retained limitation is recorded in reason/convergence fields
ANTIPSYCHOTICS_BROAD__FIXED_REFERENCE_PCA,strict18_common_rhr,FROZEN_REFERENCE_EM_SVD_PCA_WITH_WLS_QUERY_PROJECTION,CURRENT_SUCCESS,PASS_WITH_LIMITATION,EM-SVD did not meet convergence tolerance; point estimate retained,8.0,450.0,7.0,2.0,0.9400508821226026,300.0,False,0.1108180391488669,Aripiprazole; Chlorpromazine; Clozapine; Haloperidol; Olanzapine; Quetiapine; Risperidone; Ziprasidone,,,,ESTIMATED; ESTIMATED,"[{'compound': 'Ketamine, pooled parent', 'status': 'ESTIMATED', 'observed_features': 432, 'condition_number': 1.0331538397787055, 'coordinates': [4.277834290315083, 0.8083386138880077], 'projection_rmse': 0.2679993762035855}, {'compound': 'Ketamine, confirmed racemate', 'status': 'ESTIMATED', 'observed_features': 180, 'condition_number': 1.5559101120675394, 'coordinates': [-8.052183503080261, -3.387348971824359], 'projection_rmse': 0.308022115216456}]",Aripiprazole; Chlorpromazine; Clozapine; Haloperidol; Olanzapine; Quetiapine; Risperidone; Ziprasidone,False,ANTIPSYCHOTICS_BROAD,Broad antipsychotic reference set,results/reference/FINAL_MODEL_STATUS.csv,43,Accepted current numerical output; retained limitation is recorded in reason/convergence fields
ANTIPSYCHOTICS_BROAD__TARGET_LEVEL_PCA,target_mean_common_rhr,TARGET_LEVEL_EM_SVD_PCA,CURRENT_SUCCESS,PASS_WITH_LIMITATION,EM-SVD did not meet convergence tolerance; point estimate retained,10.0,40.0,9.0,2.0,0.9671192918504242,300.0,False,0.0467358370370994,"Ketamine, pooled parent; Ketamine, confirmed racemate; Aripiprazole; Chlorpromazine; Clozapine; Haloperidol; Olanzapine; Quetiapine; Risperidone; Ziprasidone",,,,,,,,ANTIPSYCHOTICS_BROAD,Broad antipsychotic reference set,results/reference/FINAL_MODEL_STATUS.csv,44,Accepted current numerical output; retained limitation is recorded in reason/convergence fields
ANTIPSYCHOTICS_BROAD__SPARSE_FINGERPRINT_PCA,alpha001_binary_0_1_NA,SUPPORT_AWARE_SPARSE_FINGERPRINT_EM_SVD_PCA,CURRENT_SUCCESS,PASS_WITH_LIMITATION,EM-SVD did not meet convergence tolerance; point estimate retained,10.0,17.0,9.0,2.0,0.872327375359418,300.0,False,0.2530918380595736,"Ketamine, pooled parent; Ketamine, confirmed racemate; Aripiprazole; Chlorpromazine; Clozapine; Haloperidol; Olanzapine; Quetiapine; Risperidone; Ziprasidone",,,,,,,,ANTIPSYCHOTICS_BROAD,Broad antipsychotic reference set,results/reference/FINAL_MODEL_STATUS.csv,45,Accepted current numerical output; retained limitation is recorded in reason/convergence fields
ANTIPSYCHOTICS_BROAD__RMS_PCOA,pairwise_rms,PCOA,CURRENT_SUCCESS,PASS,,10.0,,7.0,2.0,0.8908744038452945,,,,"Ketamine, pooled parent; Ketamine, confirmed racemate; Aripiprazole; Chlorpromazine; Clozapine; Haloperidol; Olanzapine; Quetiapine; Risperidone; Ziprasidone",,,,,,,,ANTIPSYCHOTICS_BROAD,Broad antipsychotic reference set,results/reference/FINAL_MODEL_STATUS.csv,46,Accepted current numerical output
ANTIPSYCHOTICS_BROAD__WEIGHTED_MDS,pairwise_rms,WEIGHTED_METRIC_MDS,CURRENT_SUCCESS,PASS,,10.0,,,2.0,,,,,"Ketamine, pooled parent; Ketamine, confirmed racemate; Aripiprazole; Chlorpromazine; Clozapine; Haloperidol; Olanzapine; Quetiapine; Risperidone; Ziprasidone",,0.1069917741766291,20260813.0,,,,,ANTIPSYCHOTICS_BROAD,Broad antipsychotic reference set,results/reference/FINAL_MODEL_STATUS.csv,47,Accepted current numerical output
ANTIPSYCHOTICS_BROAD__AVERAGE_LINKAGE,pairwise_rms,AVERAGE_LINKAGE_HIERARCHICAL_CLUSTERING,CURRENT_SUCCESS,PASS,,10.0,,,,,,,,"Ketamine, pooled parent; Ketamine, confirmed racemate; Aripiprazole; Chlorpromazine; Clozapine; Haloperidol; Olanzapine; Quetiapine; Risperidone; Ziprasidone",,,,,,,,ANTIPSYCHOTICS_BROAD,Broad antipsychotic reference set,results/reference/FINAL_MODEL_STATUS.csv,48,Accepted current numerical output
ATYPICAL_ANTIPSYCHOTICS__JOINT_CONTINUOUS_PCA,strict18_common_rhr,EM_SVD_MISSINGNESS_AWARE_PCA,CURRENT_SUCCESS,PASS_WITH_LIMITATION,EM-SVD did not meet convergence tolerance; point estimate retained,8.0,702.0,7.0,2.0,0.9671944875867292,300.0,False,0.0945985383834465,"Ketamine, pooled parent; Ketamine, confirmed racemate; Aripiprazole; Clozapine; Olanzapine; Quetiapine; Risperidone; Ziprasidone",,,,,,,,ATYPICAL_ANTIPSYCHOTICS,Atypical antipsychotics,results/reference/FINAL_MODEL_STATUS.csv,49,Accepted current numerical output; retained limitation is recorded in reason/convergence fields
ATYPICAL_ANTIPSYCHOTICS__FIXED_REFERENCE_PCA,strict18_common_rhr,FROZEN_REFERENCE_EM_SVD_PCA_WITH_WLS_QUERY_PROJECTION,CURRENT_SUCCESS,PASS_WITH_LIMITATION,EM-SVD did not meet convergence tolerance; point estimate retained,6.0,432.0,5.0,2.0,0.922441416731678,300.0,False,0.1020291877844821,Aripiprazole; Clozapine; Olanzapine; Quetiapine; Risperidone; Ziprasidone,,,,ESTIMATED; ESTIMATED,"[{'compound': 'Ketamine, pooled parent', 'status': 'ESTIMATED', 'observed_features': 432, 'condition_number': 1.000000000000001, 'coordinates': [3.89723602865306, -1.9930581625331873], 'projection_rmse': 0.4301270432847337}, {'compound': 'Ketamine, confirmed racemate', 'status': 'ESTIMATED', 'observed_features': 180, 'condition_number': 1.429116615477761, 'coordinates': [-4.996817985286456, 0.5571553213601503], 'projection_rmse': 0.2509307057752579}]",Aripiprazole; Clozapine; Olanzapine; Quetiapine; Risperidone; Ziprasidone,False,ATYPICAL_ANTIPSYCHOTICS,Atypical antipsychotics,results/reference/FINAL_MODEL_STATUS.csv,50,Accepted current numerical output; retained limitation is recorded in reason/convergence fields
ATYPICAL_ANTIPSYCHOTICS__TARGET_LEVEL_PCA,target_mean_common_rhr,TARGET_LEVEL_EM_SVD_PCA,CURRENT_SUCCESS,PASS_WITH_LIMITATION,EM-SVD did not meet convergence tolerance; point estimate retained,8.0,39.0,7.0,2.0,0.9663081456951016,300.0,False,0.0434087734263324,"Ketamine, pooled parent; Ketamine, confirmed racemate; Aripiprazole; Clozapine; Olanzapine; Quetiapine; Risperidone; Ziprasidone",,,,,,,,ATYPICAL_ANTIPSYCHOTICS,Atypical antipsychotics,results/reference/FINAL_MODEL_STATUS.csv,51,Accepted current numerical output; retained limitation is recorded in reason/convergence fields
ATYPICAL_ANTIPSYCHOTICS__SPARSE_FINGERPRINT_PCA,alpha001_binary_0_1_NA,SUPPORT_AWARE_SPARSE_FINGERPRINT_EM_SVD_PCA,CURRENT_SUCCESS,PASS_WITH_LIMITATION,EM-SVD did not meet convergence tolerance; point estimate retained,8.0,15.0,7.0,2.0,0.7941560238812069,300.0,False,0.2497431700925471,"Ketamine, pooled parent; Ketamine, confirmed racemate; Aripiprazole; Clozapine; Olanzapine; Quetiapine; Risperidone; Ziprasidone",,,,,,,,ATYPICAL_ANTIPSYCHOTICS,Atypical antipsychotics,results/reference/FINAL_MODEL_STATUS.csv,52,Accepted current numerical output; retained limitation is recorded in reason/convergence fields
ATYPICAL_ANTIPSYCHOTICS__RMS_PCOA,pairwise_rms,PCOA,CURRENT_SUCCESS,PASS,,8.0,,6.0,2.0,0.8857252406088182,,,,"Ketamine, pooled parent; Ketamine, confirmed racemate; Aripiprazole; Clozapine; Olanzapine; Quetiapine; Risperidone; Ziprasidone",,,,,,,,ATYPICAL_ANTIPSYCHOTICS,Atypical antipsychotics,results/reference/FINAL_MODEL_STATUS.csv,53,Accepted current numerical output
ATYPICAL_ANTIPSYCHOTICS__WEIGHTED_MDS,pairwise_rms,WEIGHTED_METRIC_MDS,CURRENT_SUCCESS,PASS,,8.0,,,2.0,,,,,"Ketamine, pooled parent; Ketamine, confirmed racemate; Aripiprazole; Clozapine; Olanzapine; Quetiapine; Risperidone; Ziprasidone",,0.0651826740729084,20260813.0,,,,,ATYPICAL_ANTIPSYCHOTICS,Atypical antipsychotics,results/reference/FINAL_MODEL_STATUS.csv,54,Accepted current numerical output
ATYPICAL_ANTIPSYCHOTICS__AVERAGE_LINKAGE,pairwise_rms,AVERAGE_LINKAGE_HIERARCHICAL_CLUSTERING,CURRENT_SUCCESS,PASS,,8.0,,,,,,,,"Ketamine, pooled parent; Ketamine, confirmed racemate; Aripiprazole; Clozapine; Olanzapine; Quetiapine; Risperidone; Ziprasidone",,,,,,,,ATYPICAL_ANTIPSYCHOTICS,Atypical antipsychotics,results/reference/FINAL_MODEL_STATUS.csv,55,Accepted current numerical output
DISSOCIATIVE_NMDA_CONTEXT__JOINT_CONTINUOUS_PCA,strict18_common_rhr,EM_SVD_MISSINGNESS_AWARE_PCA,CURRENT_SUCCESS,PASS_WITH_LIMITATION,EM-SVD did not meet convergence tolerance; point estimate retained,4.0,468.0,3.0,2.0,0.9999475229628276,300.0,False,0.0030757455548367,"Ketamine, pooled parent; Ketamine, confirmed racemate; Dextromethorphan; PCP",,,,,,,,DISSOCIATIVE_NMDA_CONTEXT,Dissociative and NMDA-channel context,results/reference/FINAL_MODEL_STATUS.csv,56,Accepted current numerical output; retained limitation is recorded in reason/convergence fields
DISSOCIATIVE_NMDA_CONTEXT__FIXED_REFERENCE_PCA,strict18_common_rhr,FROZEN_REFERENCE_PCA,NONESTIMABLE,NOT_ESTIMABLE,Fewer than three numerical external reference compounds,4.0,,,,,,,,"Ketamine, pooled parent; Ketamine, confirmed racemate; Dextromethorphan; PCP",,,,,,,,DISSOCIATIVE_NMDA_CONTEXT,Dissociative and NMDA-channel context,results/reference/FINAL_MODEL_STATUS.csv,57,No estimable current numerical output; model was not forced
DISSOCIATIVE_NMDA_CONTEXT__TARGET_LEVEL_PCA,target_mean_common_rhr,TARGET_LEVEL_EM_SVD_PCA,CURRENT_SUCCESS,PASS_WITH_LIMITATION,EM-SVD did not meet convergence tolerance; point estimate retained,4.0,26.0,3.0,2.0,0.9999857507773428,300.0,False,0.0008922874282849,"Ketamine, pooled parent; Ketamine, confirmed racemate; Dextromethorphan; PCP",,,,,,,,DISSOCIATIVE_NMDA_CONTEXT,Dissociative and NMDA-channel context,results/reference/FINAL_MODEL_STATUS.csv,58,Accepted current numerical output; retained limitation is recorded in reason/convergence fields
DISSOCIATIVE_NMDA_CONTEXT__SPARSE_FINGERPRINT_PCA,alpha001_binary_0_1_NA,SUPPORT_AWARE_SPARSE_FINGERPRINT_EM_SVD_PCA,CURRENT_SUCCESS,PASS,,4.0,5.0,2.0,2.0,1.0,1.0,True,2.96997628699179e-16,"Ketamine, pooled parent; Ketamine, confirmed racemate; Dextromethorphan; PCP",,,,,,,,DISSOCIATIVE_NMDA_CONTEXT,Dissociative and NMDA-channel context,results/reference/FINAL_MODEL_STATUS.csv,59,Accepted current numerical output
DISSOCIATIVE_NMDA_CONTEXT__RMS_PCOA,pairwise_rms,PCOA,CURRENT_SUCCESS,PASS,,4.0,,2.0,2.0,1.0,,,,"Ketamine, pooled parent; Ketamine, confirmed racemate; Dextromethorphan; PCP",,,,,,,,DISSOCIATIVE_NMDA_CONTEXT,Dissociative and NMDA-channel context,results/reference/FINAL_MODEL_STATUS.csv,60,Accepted current numerical output
DISSOCIATIVE_NMDA_CONTEXT__WEIGHTED_MDS,pairwise_rms,WEIGHTED_METRIC_MDS,CURRENT_SUCCESS,PASS,,4.0,,,2.0,,,,,"Ketamine, pooled parent; Ketamine, confirmed racemate; Dextromethorphan; PCP",,0.0006692348971524,20260813.0,,,,,DISSOCIATIVE_NMDA_CONTEXT,Dissociative and NMDA-channel context,results/reference/FINAL_MODEL_STATUS.csv,61,Accepted current numerical output
DISSOCIATIVE_NMDA_CONTEXT__AVERAGE_LINKAGE,pairwise_rms,AVERAGE_LINKAGE_HIERARCHICAL_CLUSTERING,CURRENT_SUCCESS,PASS,,4.0,,,,,,,,"Ketamine, pooled parent; Ketamine, confirmed racemate; Dextromethorphan; PCP",,,,,,,,DISSOCIATIVE_NMDA_CONTEXT,Dissociative and NMDA-channel context,results/reference/FINAL_MODEL_STATUS.csv,62,Accepted current numerical output
GLOBAL_ALL_COMPARATORS__JOINT_CONTINUOUS_PCA,strict18_common_rhr,EM_SVD_MISSINGNESS_AWARE_PCA,CURRENT_SUCCESS,PASS_WITH_LIMITATION,EM-SVD did not meet convergence tolerance; point estimate retained,27.0,720.0,26.0,2.0,0.982235998579324,300.0,False,0.1059598611111697,"Ketamine, pooled parent; Ketamine, confirmed racemate; Aripiprazole; Bupropion; Chlorpromazine; Clozapine; Dexmedetomidine; Dextromethorphan; Duloxetine; Fluoxetine; Haloperidol; Lamotrigine; Lysergide (LSD); Mirtazapine; Morphine; Olanzapine; PCP; Propofol; Psilocin; Psilocybin; Quetiapine; Risperidone; Scopolamine; Sertraline; Valproate; Venlafaxine; Ziprasidone",,,,,,,,GLOBAL_ALL_COMPARATORS,All numerical comparators,results/reference/FINAL_MODEL_STATUS.csv,63,Accepted current numerical output; retained limitation is recorded in reason/convergence fields
GLOBAL_ALL_COMPARATORS__FIXED_REFERENCE_PCA,strict18_common_rhr,FROZEN_REFERENCE_EM_SVD_PCA_WITH_WLS_QUERY_PROJECTION,CURRENT_SUCCESS,PASS_WITH_LIMITATION,EM-SVD did not meet convergence tolerance; point estimate retained,25.0,468.0,24.0,2.0,0.975339034924978,300.0,False,0.1111624097937178,Aripiprazole; Bupropion; Chlorpromazine; Clozapine; Dexmedetomidine; Dextromethorphan; Duloxetine; Fluoxetine; Haloperidol; Lamotrigine; Lysergide (LSD); Mirtazapine; Morphine; Olanzapine; PCP; Propofol; Psilocin; Psilocybin; Quetiapine; Risperidone; Scopolamine; Sertraline; Valproate; Venlafaxine; Ziprasidone,,,,ESTIMATED; ESTIMATED,"[{'compound': 'Ketamine, pooled parent', 'status': 'ESTIMATED', 'observed_features': 450, 'condition_number': 1.0301612307839856, 'coordinates': [3.656180470185342, 1.6287490536361602], 'projection_rmse': 0.1193104072148918}, {'compound': 'Ketamine, confirmed racemate', 'status': 'ESTIMATED', 'observed_features': 198, 'condition_number': 1.2096303691755947, 'coordinates': [-10.777960914303009, 0.3057962348735486], 'projection_rmse': 0.344162734374689}]",Aripiprazole; Bupropion; Chlorpromazine; Clozapine; Dexmedetomidine; Dextromethorphan; Duloxetine; Fluoxetine; Haloperidol; Lamotrigine; Lysergide (LSD); Mirtazapine; Morphine; Olanzapine; PCP; Propofol; Psilocin; Psilocybin; Quetiapine; Risperidone; Scopolamine; Sertraline; Valproate; Venlafaxine; Ziprasidone,False,GLOBAL_ALL_COMPARATORS,All numerical comparators,results/reference/FINAL_MODEL_STATUS.csv,64,Accepted current numerical output; retained limitation is recorded in reason/convergence fields
GLOBAL_ALL_COMPARATORS__TARGET_LEVEL_PCA,target_mean_common_rhr,TARGET_LEVEL_EM_SVD_PCA,CURRENT_SUCCESS,PASS_WITH_LIMITATION,EM-SVD did not meet convergence tolerance; point estimate retained,27.0,40.0,26.0,2.0,0.9848227958178728,300.0,False,0.0521124008941327,"Ketamine, pooled parent; Ketamine, confirmed racemate; Aripiprazole; Bupropion; Chlorpromazine; Clozapine; Dexmedetomidine; Dextromethorphan; Duloxetine; Fluoxetine; Haloperidol; Lamotrigine; Lysergide (LSD); Mirtazapine; Morphine; Olanzapine; PCP; Propofol; Psilocin; Psilocybin; Quetiapine; Risperidone; Scopolamine; Sertraline; Valproate; Venlafaxine; Ziprasidone",,,,,,,,GLOBAL_ALL_COMPARATORS,All numerical comparators,results/reference/FINAL_MODEL_STATUS.csv,65,Accepted current numerical output; retained limitation is recorded in reason/convergence fields
GLOBAL_ALL_COMPARATORS__SPARSE_FINGERPRINT_PCA,alpha001_binary_0_1_NA,SUPPORT_AWARE_SPARSE_FINGERPRINT_EM_SVD_PCA,CURRENT_SUCCESS,PASS_WITH_LIMITATION,EM-SVD did not meet convergence tolerance; point estimate retained,27.0,19.0,17.0,2.0,0.9411756442553278,300.0,False,0.2414743737188566,"Ketamine, pooled parent; Ketamine, confirmed racemate; Aripiprazole; Bupropion; Chlorpromazine; Clozapine; Dexmedetomidine; Dextromethorphan; Duloxetine; Fluoxetine; Haloperidol; Lamotrigine; Lysergide (LSD); Mirtazapine; Morphine; Olanzapine; PCP; Propofol; Psilocin; Psilocybin; Quetiapine; Risperidone; Scopolamine; Sertraline; Valproate; Venlafaxine; Ziprasidone",,,,,,,,GLOBAL_ALL_COMPARATORS,All numerical comparators,results/reference/FINAL_MODEL_STATUS.csv,66,Accepted current numerical output; retained limitation is recorded in reason/convergence fields
GLOBAL_ALL_COMPARATORS__RMS_PCOA,pairwise_rms,PCOA,CURRENT_SUCCESS,PASS,,17.0,,10.0,2.0,0.7971943807106832,,,,"Ketamine, pooled parent; Aripiprazole; Chlorpromazine; Clozapine; Fluoxetine; Haloperidol; Lysergide (LSD); Mirtazapine; Olanzapine; Propofol; Psilocin; Psilocybin; Quetiapine; Risperidone; Sertraline; Valproate; Ziprasidone","Scopolamine; Morphine; Dextromethorphan; Lamotrigine; Bupropion; Duloxetine; Venlafaxine; PCP; Dexmedetomidine; Ketamine, confirmed racemate",,,,,,,GLOBAL_ALL_COMPARATORS,All numerical comparators,results/reference/FINAL_MODEL_STATUS.csv,67,Accepted current numerical output
GLOBAL_ALL_COMPARATORS__WEIGHTED_MDS,pairwise_rms,WEIGHTED_METRIC_MDS,CURRENT_SUCCESS,PASS,,17.0,,,2.0,,,,,"Ketamine, pooled parent; Aripiprazole; Chlorpromazine; Clozapine; Fluoxetine; Haloperidol; Lysergide (LSD); Mirtazapine; Olanzapine; Propofol; Psilocin; Psilocybin; Quetiapine; Risperidone; Sertraline; Valproate; Ziprasidone","Scopolamine; Morphine; Dextromethorphan; Lamotrigine; Bupropion; Duloxetine; Venlafaxine; PCP; Dexmedetomidine; Ketamine, confirmed racemate",0.6261242910392575,20260813.0,,,,,GLOBAL_ALL_COMPARATORS,All numerical comparators,results/reference/FINAL_MODEL_STATUS.csv,68,Accepted current numerical output
GLOBAL_ALL_COMPARATORS__AVERAGE_LINKAGE,pairwise_rms,AVERAGE_LINKAGE_HIERARCHICAL_CLUSTERING,CURRENT_SUCCESS,PASS,,17.0,,,,,,,,"Ketamine, pooled parent; Aripiprazole; Chlorpromazine; Clozapine; Fluoxetine; Haloperidol; Lysergide (LSD); Mirtazapine; Olanzapine; Propofol; Psilocin; Psilocybin; Quetiapine; Risperidone; Sertraline; Valproate; Ziprasidone","Scopolamine; Morphine; Dextromethorphan; Lamotrigine; Bupropion; Duloxetine; Venlafaxine; PCP; Dexmedetomidine; Ketamine, confirmed racemate",,,,,,,GLOBAL_ALL_COMPARATORS,All numerical comparators,results/reference/FINAL_MODEL_STATUS.csv,69,Accepted current numerical output
HISTORICAL_HISTORECEPTOMIC_CONTROLS__JOINT_CONTINUOUS_PCA,strict18_common_rhr,EM_SVD_MISSINGNESS_AWARE_PCA,CURRENT_SUCCESS,PASS_WITH_LIMITATION,EM-SVD did not meet convergence tolerance; point estimate retained,8.0,666.0,7.0,2.0,0.9952431178519684,300.0,False,0.0329631981113938,"Ketamine, pooled parent; Ketamine, confirmed racemate; Bupropion; Chlorpromazine; Clozapine; Duloxetine; Fluoxetine; Venlafaxine",,,,,,,,HISTORICAL_HISTORECEPTOMIC_CONTROLS,Historical historeceptomic controls,results/reference/FINAL_MODEL_STATUS.csv,70,Accepted current numerical output; retained limitation is recorded in reason/convergence fields
HISTORICAL_HISTORECEPTOMIC_CONTROLS__FIXED_REFERENCE_PCA,strict18_common_rhr,FROZEN_REFERENCE_EM_SVD_PCA_WITH_WLS_QUERY_PROJECTION,CURRENT_SUCCESS,PASS_WITH_LIMITATION,EM-SVD did not meet convergence tolerance; point estimate retained,6.0,324.0,5.0,2.0,0.99944484248512,300.0,False,0.0035951548464836,Bupropion; Chlorpromazine; Clozapine; Duloxetine; Fluoxetine; Venlafaxine,,,,ESTIMATED; ESTIMATED,"[{'compound': 'Ketamine, pooled parent', 'status': 'ESTIMATED', 'observed_features': 324, 'condition_number': 1.0000000000000007, 'coordinates': [-0.7707421021816862, -0.07348077662304274], 'projection_rmse': 0.31324632020044396}, {'compound': 'Ketamine, confirmed racemate', 'status': 'ESTIMATED', 'observed_features': 144, 'condition_number': 1.4285989454864072, 'coordinates': [-0.1254197713746543, 6.439889667682992], 'projection_rmse': 0.9115205835127574}]",Bupropion; Chlorpromazine; Clozapine; Duloxetine; Fluoxetine; Venlafaxine,False,HISTORICAL_HISTORECEPTOMIC_CONTROLS,Historical historeceptomic controls,results/reference/FINAL_MODEL_STATUS.csv,71,Accepted current numerical output; retained limitation is recorded in reason/convergence fields
HISTORICAL_HISTORECEPTOMIC_CONTROLS__TARGET_LEVEL_PCA,target_mean_common_rhr,TARGET_LEVEL_EM_SVD_PCA,CURRENT_SUCCESS,PASS_WITH_LIMITATION,EM-SVD did not meet convergence tolerance; point estimate retained,8.0,37.0,7.0,2.0,0.9939333592735556,300.0,False,0.0186725706182217,"Ketamine, pooled parent; Ketamine, confirmed racemate; Bupropion; Chlorpromazine; Clozapine; Duloxetine; Fluoxetine; Venlafaxine",,,,,,,,HISTORICAL_HISTORECEPTOMIC_CONTROLS,Historical historeceptomic controls,results/reference/FINAL_MODEL_STATUS.csv,72,Accepted current numerical output; retained limitation is recorded in reason/convergence fields
HISTORICAL_HISTORECEPTOMIC_CONTROLS__SPARSE_FINGERPRINT_PCA,alpha001_binary_0_1_NA,SUPPORT_AWARE_SPARSE_FINGERPRINT_EM_SVD_PCA,CURRENT_SUCCESS,PASS_WITH_LIMITATION,EM-SVD did not meet convergence tolerance; point estimate retained,8.0,7.0,6.0,2.0,0.999094348885863,300.0,False,0.0397754759759383,"Ketamine, pooled parent; Ketamine, confirmed racemate; Bupropion; Chlorpromazine; Clozapine; Duloxetine; Fluoxetine; Venlafaxine",,,,,,,,HISTORICAL_HISTORECEPTOMIC_CONTROLS,Historical historeceptomic controls,results/reference/FINAL_MODEL_STATUS.csv,73,Accepted current numerical output; retained limitation is recorded in reason/convergence fields
HISTORICAL_HISTORECEPTOMIC_CONTROLS__RMS_PCOA,pairwise_rms,PCOA,CURRENT_SUCCESS,PASS,,8.0,,5.0,2.0,0.9491083305998002,,,,"Ketamine, pooled parent; Ketamine, confirmed racemate; Bupropion; Chlorpromazine; Clozapine; Duloxetine; Fluoxetine; Venlafaxine",,,,,,,,HISTORICAL_HISTORECEPTOMIC_CONTROLS,Historical historeceptomic controls,results/reference/FINAL_MODEL_STATUS.csv,74,Accepted current numerical output
HISTORICAL_HISTORECEPTOMIC_CONTROLS__WEIGHTED_MDS,pairwise_rms,WEIGHTED_METRIC_MDS,CURRENT_SUCCESS,PASS,,8.0,,,2.0,,,,,"Ketamine, pooled parent; Ketamine, confirmed racemate; Bupropion; Chlorpromazine; Clozapine; Duloxetine; Fluoxetine; Venlafaxine",,0.0179207841040617,20260813.0,,,,,HISTORICAL_HISTORECEPTOMIC_CONTROLS,Historical historeceptomic controls,results/reference/FINAL_MODEL_STATUS.csv,75,Accepted current numerical output
HISTORICAL_HISTORECEPTOMIC_CONTROLS__AVERAGE_LINKAGE,pairwise_rms,AVERAGE_LINKAGE_HIERARCHICAL_CLUSTERING,CURRENT_SUCCESS,PASS,,8.0,,,,,,,,"Ketamine, pooled parent; Ketamine, confirmed racemate; Bupropion; Chlorpromazine; Clozapine; Duloxetine; Fluoxetine; Venlafaxine",,,,,,,,HISTORICAL_HISTORECEPTOMIC_CONTROLS,Historical historeceptomic controls,results/reference/FINAL_MODEL_STATUS.csv,76,Accepted current numerical output
MONOAMINERGIC_ANTIDEPRESSANTS__JOINT_CONTINUOUS_PCA,strict18_common_rhr,EM_SVD_MISSINGNESS_AWARE_PCA,CURRENT_SUCCESS,PASS_WITH_LIMITATION,EM-SVD did not meet convergence tolerance; point estimate retained,7.0,666.0,6.0,2.0,0.9982507830202662,300.0,False,0.0246315933137366,"Ketamine, pooled parent; Ketamine, confirmed racemate; Bupropion; Duloxetine; Fluoxetine; Sertraline; Venlafaxine",,,,,,,,MONOAMINERGIC_ANTIDEPRESSANTS,Monoaminergic antidepressants,results/reference/FINAL_MODEL_STATUS.csv,77,Accepted current numerical output; retained limitation is recorded in reason/convergence fields
MONOAMINERGIC_ANTIDEPRESSANTS__FIXED_REFERENCE_PCA,strict18_common_rhr,FROZEN_REFERENCE_EM_SVD_PCA_WITH_WLS_QUERY_PROJECTION,CURRENT_SUCCESS,PASS_WITH_LIMITATION,EM-SVD did not meet convergence tolerance; point estimate retained,5.0,162.0,4.0,2.0,0.9994171097136132,300.0,False,0.0116724089070207,Bupropion; Duloxetine; Fluoxetine; Sertraline; Venlafaxine,,,,ESTIMATED; ESTIMATED,"[{'compound': 'Ketamine, pooled parent', 'status': 'ESTIMATED', 'observed_features': 162, 'condition_number': 1.0000000000000007, 'coordinates': [-0.4230971502147486, 0.8522649520010487], 'projection_rmse': 0.12182219053003666}, {'compound': 'Ketamine, confirmed racemate', 'status': 'ESTIMATED', 'observed_features': 72, 'condition_number': 2.7956005560304913, 'coordinates': [8.15967222417031, 2.7565278692422117], 'projection_rmse': 0.258928853014133}]",Bupropion; Duloxetine; Fluoxetine; Sertraline; Venlafaxine,False,MONOAMINERGIC_ANTIDEPRESSANTS,Monoaminergic antidepressants,results/reference/FINAL_MODEL_STATUS.csv,78,Accepted current numerical output; retained limitation is recorded in reason/convergence fields
MONOAMINERGIC_ANTIDEPRESSANTS__TARGET_LEVEL_PCA,target_mean_common_rhr,TARGET_LEVEL_EM_SVD_PCA,CURRENT_SUCCESS,PASS_WITH_LIMITATION,EM-SVD did not meet convergence tolerance; point estimate retained,7.0,37.0,6.0,2.0,0.999252788704932,300.0,False,0.0085576051854838,"Ketamine, pooled parent; Ketamine, confirmed racemate; Bupropion; Duloxetine; Fluoxetine; Sertraline; Venlafaxine",,,,,,,,MONOAMINERGIC_ANTIDEPRESSANTS,Monoaminergic antidepressants,results/reference/FINAL_MODEL_STATUS.csv,79,Accepted current numerical output; retained limitation is recorded in reason/convergence fields
MONOAMINERGIC_ANTIDEPRESSANTS__SPARSE_FINGERPRINT_PCA,alpha001_binary_0_1_NA,SUPPORT_AWARE_SPARSE_FINGERPRINT_EM_SVD_PCA,CURRENT_SUCCESS,PASS_WITH_LIMITATION,EM-SVD did not meet convergence tolerance; point estimate retained,7.0,7.0,5.0,2.0,0.9976941688899996,300.0,False,0.0599105457446255,"Ketamine, pooled parent; Ketamine, confirmed racemate; Bupropion; Duloxetine; Fluoxetine; Sertraline; Venlafaxine",,,,,,,,MONOAMINERGIC_ANTIDEPRESSANTS,Monoaminergic antidepressants,results/reference/FINAL_MODEL_STATUS.csv,80,Accepted current numerical output; retained limitation is recorded in reason/convergence fields
MONOAMINERGIC_ANTIDEPRESSANTS__RMS_PCOA,pairwise_rms,PCOA,CURRENT_SUCCESS,PASS,,7.0,,4.0,2.0,0.9643378322165734,,,,"Ketamine, pooled parent; Ketamine, confirmed racemate; Bupropion; Duloxetine; Fluoxetine; Sertraline; Venlafaxine",,,,,,,,MONOAMINERGIC_ANTIDEPRESSANTS,Monoaminergic antidepressants,results/reference/FINAL_MODEL_STATUS.csv,81,Accepted current numerical output
MONOAMINERGIC_ANTIDEPRESSANTS__WEIGHTED_MDS,pairwise_rms,WEIGHTED_METRIC_MDS,CURRENT_SUCCESS,PASS,,7.0,,,2.0,,,,,"Ketamine, pooled parent; Ketamine, confirmed racemate; Bupropion; Duloxetine; Fluoxetine; Sertraline; Venlafaxine",,0.0099358488637224,20260813.0,,,,,MONOAMINERGIC_ANTIDEPRESSANTS,Monoaminergic antidepressants,results/reference/FINAL_MODEL_STATUS.csv,82,Accepted current numerical output
MONOAMINERGIC_ANTIDEPRESSANTS__AVERAGE_LINKAGE,pairwise_rms,AVERAGE_LINKAGE_HIERARCHICAL_CLUSTERING,CURRENT_SUCCESS,PASS,,7.0,,,,,,,,"Ketamine, pooled parent; Ketamine, confirmed racemate; Bupropion; Duloxetine; Fluoxetine; Sertraline; Venlafaxine",,,,,,,,MONOAMINERGIC_ANTIDEPRESSANTS,Monoaminergic antidepressants,results/reference/FINAL_MODEL_STATUS.csv,83,Accepted current numerical output
MOOD_STABILIZERS__JOINT_CONTINUOUS_PCA,strict18_common_rhr,EM_SVD_MISSINGNESS_AWARE_PCA,CURRENT_SUCCESS,PASS_WITH_LIMITATION,EM-SVD did not meet convergence tolerance; point estimate retained,4.0,540.0,3.0,2.0,0.999999999953418,300.0,False,2.53398481721318e-06,"Ketamine, pooled parent; Ketamine, confirmed racemate; Lamotrigine; Valproate",,,,,,,,MOOD_STABILIZERS,Mood stabilizer context,results/reference/FINAL_MODEL_STATUS.csv,84,Accepted current numerical output; retained limitation is recorded in reason/convergence fields
MOOD_STABILIZERS__FIXED_REFERENCE_PCA,strict18_common_rhr,FROZEN_REFERENCE_PCA,NONESTIMABLE,NOT_ESTIMABLE,Fewer than three numerical external reference compounds,4.0,,,,,,,,"Ketamine, pooled parent; Ketamine, confirmed racemate; Lamotrigine; Valproate",,,,,,,,MOOD_STABILIZERS,Mood stabilizer context,results/reference/FINAL_MODEL_STATUS.csv,85,No estimable current numerical output; model was not forced
MOOD_STABILIZERS__TARGET_LEVEL_PCA,target_mean_common_rhr,TARGET_LEVEL_EM_SVD_PCA,CURRENT_SUCCESS,PASS,,4.0,30.0,3.0,2.0,0.999999999999999,112.0,True,6.0069762140338324e-09,"Ketamine, pooled parent; Ketamine, confirmed racemate; Lamotrigine; Valproate",,,,,,,,MOOD_STABILIZERS,Mood stabilizer context,results/reference/FINAL_MODEL_STATUS.csv,86,Accepted current numerical output
MOOD_STABILIZERS__SPARSE_FINGERPRINT_PCA,alpha001_binary_0_1_NA,SUPPORT_AWARE_SPARSE_FINGERPRINT_EM_SVD_PCA,CURRENT_SUCCESS,PASS,,4.0,8.0,2.0,2.0,1.0,1.0,True,1.9478403400799703e-16,"Ketamine, pooled parent; Ketamine, confirmed racemate; Lamotrigine; Valproate",,,,,,,,MOOD_STABILIZERS,Mood stabilizer context,results/reference/FINAL_MODEL_STATUS.csv,87,Accepted current numerical output
MOOD_STABILIZERS__RMS_PCOA,pairwise_rms,PCOA,CURRENT_SUCCESS,PASS,,3.0,,2.0,2.0,1.0,,,,"Ketamine, pooled parent; Ketamine, confirmed racemate; Valproate",Lamotrigine,,,,,,,MOOD_STABILIZERS,Mood stabilizer context,results/reference/FINAL_MODEL_STATUS.csv,88,Accepted current numerical output
MOOD_STABILIZERS__WEIGHTED_MDS,pairwise_rms,WEIGHTED_METRIC_MDS,CURRENT_SUCCESS,PASS,,3.0,,,2.0,,,,,"Ketamine, pooled parent; Ketamine, confirmed racemate; Valproate",Lamotrigine,9.040807053093291e-06,20260813.0,,,,,MOOD_STABILIZERS,Mood stabilizer context,results/reference/FINAL_MODEL_STATUS.csv,89,Accepted current numerical output
MOOD_STABILIZERS__AVERAGE_LINKAGE,pairwise_rms,AVERAGE_LINKAGE_HIERARCHICAL_CLUSTERING,CURRENT_SUCCESS,PASS,,3.0,,,,,,,,"Ketamine, pooled parent; Ketamine, confirmed racemate; Valproate",Lamotrigine,,,,,,,MOOD_STABILIZERS,Mood stabilizer context,results/reference/FINAL_MODEL_STATUS.csv,90,Accepted current numerical output
PSYCHEDELIC_SEROTONERGIC__JOINT_CONTINUOUS_PCA,strict18_common_rhr,EM_SVD_MISSINGNESS_AWARE_PCA,CURRENT_SUCCESS,PASS_WITH_LIMITATION,EM-SVD did not meet convergence tolerance; point estimate retained,5.0,594.0,4.0,2.0,0.9991020292650156,300.0,False,0.0130262081292215,"Ketamine, pooled parent; Ketamine, confirmed racemate; Lysergide (LSD); Psilocin; Psilocybin",,,,,,,,PSYCHEDELIC_SEROTONERGIC,Serotonergic psychedelic context,results/reference/FINAL_MODEL_STATUS.csv,91,Accepted current numerical output; retained limitation is recorded in reason/convergence fields
PSYCHEDELIC_SEROTONERGIC__FIXED_REFERENCE_PCA,strict18_common_rhr,FROZEN_REFERENCE_EM_SVD_PCA_WITH_WLS_QUERY_PROJECTION,CURRENT_SUCCESS,PASS_WITH_LIMITATION,At least one query projection was not estimable,3.0,72.0,2.0,2.0,1.0,1.0,True,3.8041342801120442e-16,Lysergide (LSD); Psilocin; Psilocybin,,,,ESTIMATED; NOT_ESTIMABLE_INSUFFICIENT_OBSERVED_FEATURES,"[{'compound': 'Ketamine, pooled parent', 'status': 'ESTIMATED', 'observed_features': 72, 'condition_number': 1.0000000000000007, 'coordinates': [-0.1324072436529663, 0.35656633801908777], 'projection_rmse': 0.07504659264103467}, {'compound': 'Ketamine, confirmed racemate', 'status': 'NOT_ESTIMABLE_INSUFFICIENT_OBSERVED_FEATURES', 'observed_features': 0, 'condition_number': nan, 'coordinates': [nan, nan], 'projection_rmse': nan}]",Lysergide (LSD); Psilocin; Psilocybin,False,PSYCHEDELIC_SEROTONERGIC,Serotonergic psychedelic context,results/reference/FINAL_MODEL_STATUS.csv,92,Accepted current numerical output; retained limitation is recorded in reason/convergence fields
PSYCHEDELIC_SEROTONERGIC__TARGET_LEVEL_PCA,target_mean_common_rhr,TARGET_LEVEL_EM_SVD_PCA,CURRENT_SUCCESS,PASS_WITH_LIMITATION,EM-SVD did not meet convergence tolerance; point estimate retained,5.0,33.0,4.0,2.0,0.9993018187891956,300.0,False,0.0061463841039707,"Ketamine, pooled parent; Ketamine, confirmed racemate; Lysergide (LSD); Psilocin; Psilocybin",,,,,,,,PSYCHEDELIC_SEROTONERGIC,Serotonergic psychedelic context,results/reference/FINAL_MODEL_STATUS.csv,93,Accepted current numerical output; retained limitation is recorded in reason/convergence fields
PSYCHEDELIC_SEROTONERGIC__SPARSE_FINGERPRINT_PCA,alpha001_binary_0_1_NA,SUPPORT_AWARE_SPARSE_FINGERPRINT_EM_SVD_PCA,CURRENT_SUCCESS,PASS,,5.0,6.0,2.0,2.0,1.0,1.0,True,1.8253379971363983e-16,"Ketamine, pooled parent; Ketamine, confirmed racemate; Lysergide (LSD); Psilocin; Psilocybin",,,,,,,,PSYCHEDELIC_SEROTONERGIC,Serotonergic psychedelic context,results/reference/FINAL_MODEL_STATUS.csv,94,Accepted current numerical output
PSYCHEDELIC_SEROTONERGIC__RMS_PCOA,pairwise_rms,PCOA,CURRENT_SUCCESS,PASS,,4.0,,2.0,2.0,1.0,,,,"Ketamine, pooled parent; Lysergide (LSD); Psilocin; Psilocybin","Ketamine, confirmed racemate",,,,,,,PSYCHEDELIC_SEROTONERGIC,Serotonergic psychedelic context,results/reference/FINAL_MODEL_STATUS.csv,95,Accepted current numerical output
PSYCHEDELIC_SEROTONERGIC__WEIGHTED_MDS,pairwise_rms,WEIGHTED_METRIC_MDS,CURRENT_SUCCESS,PASS,,4.0,,,2.0,,,,,"Ketamine, pooled parent; Lysergide (LSD); Psilocin; Psilocybin","Ketamine, confirmed racemate",0.0005918616749348,20260813.0,,,,,PSYCHEDELIC_SEROTONERGIC,Serotonergic psychedelic context,results/reference/FINAL_MODEL_STATUS.csv,96,Accepted current numerical output
PSYCHEDELIC_SEROTONERGIC__AVERAGE_LINKAGE,pairwise_rms,AVERAGE_LINKAGE_HIERARCHICAL_CLUSTERING,CURRENT_SUCCESS,PASS,,4.0,,,,,,,,"Ketamine, pooled parent; Lysergide (LSD); Psilocin; Psilocybin","Ketamine, confirmed racemate",,,,,,,PSYCHEDELIC_SEROTONERGIC,Serotonergic psychedelic context,results/reference/FINAL_MODEL_STATUS.csv,97,Accepted current numerical output
RAPID_ACTING_ANTIDEPRESSANT_CONTEXT__JOINT_CONTINUOUS_PCA,strict18_common_rhr,EM_SVD_MISSINGNESS_AWARE_PCA,CURRENT_SUCCESS,PASS,,4.0,450.0,3.0,2.0,1.0,28.0,True,2.190210395907555e-09,"Ketamine, pooled parent; Ketamine, confirmed racemate; Dextromethorphan; Scopolamine",,,,,,,,RAPID_ACTING_ANTIDEPRESSANT_CONTEXT,Rapid-acting antidepressant context,results/reference/FINAL_MODEL_STATUS.csv,98,Accepted current numerical output
RAPID_ACTING_ANTIDEPRESSANT_CONTEXT__FIXED_REFERENCE_PCA,strict18_common_rhr,FROZEN_REFERENCE_PCA,NONESTIMABLE,NOT_ESTIMABLE,Fewer than three numerical external reference compounds,4.0,,,,,,,,"Ketamine, pooled parent; Ketamine, confirmed racemate; Dextromethorphan; Scopolamine",,,,,,,,RAPID_ACTING_ANTIDEPRESSANT_CONTEXT,Rapid-acting antidepressant context,results/reference/FINAL_MODEL_STATUS.csv,99,No estimable current numerical output; model was not forced
RAPID_ACTING_ANTIDEPRESSANT_CONTEXT__TARGET_LEVEL_PCA,target_mean_common_rhr,TARGET_LEVEL_EM_SVD_PCA,CURRENT_SUCCESS,PASS,,4.0,25.0,3.0,2.0,1.0,25.0,True,8.563864449566806e-10,"Ketamine, pooled parent; Ketamine, confirmed racemate; Dextromethorphan; Scopolamine",,,,,,,,RAPID_ACTING_ANTIDEPRESSANT_CONTEXT,Rapid-acting antidepressant context,results/reference/FINAL_MODEL_STATUS.csv,100,Accepted current numerical output
RAPID_ACTING_ANTIDEPRESSANT_CONTEXT__SPARSE_FINGERPRINT_PCA,alpha001_binary_0_1_NA,SUPPORT_AWARE_SPARSE_FINGERPRINT_EM_SVD_PCA,CURRENT_SUCCESS,PASS,,4.0,5.0,2.0,2.0,1.0,1.0,True,1.2299310667862546e-16,"Ketamine, pooled parent; Ketamine, confirmed racemate; Dextromethorphan; Scopolamine",,,,,,,,RAPID_ACTING_ANTIDEPRESSANT_CONTEXT,Rapid-acting antidepressant context,results/reference/FINAL_MODEL_STATUS.csv,101,Accepted current numerical output
RAPID_ACTING_ANTIDEPRESSANT_CONTEXT__RMS_PCOA,pairwise_rms,PCOA,CURRENT_SUCCESS,PASS,,3.0,,2.0,2.0,1.0,,,,"Ketamine, pooled parent; Ketamine, confirmed racemate; Scopolamine",Dextromethorphan,,,,,,,RAPID_ACTING_ANTIDEPRESSANT_CONTEXT,Rapid-acting antidepressant context,results/reference/FINAL_MODEL_STATUS.csv,102,Accepted current numerical output
RAPID_ACTING_ANTIDEPRESSANT_CONTEXT__WEIGHTED_MDS,pairwise_rms,WEIGHTED_METRIC_MDS,CURRENT_SUCCESS,PASS,,3.0,,,2.0,,,,,"Ketamine, pooled parent; Ketamine, confirmed racemate; Scopolamine",Dextromethorphan,1.0625227601294558e-06,20260813.0,,,,,RAPID_ACTING_ANTIDEPRESSANT_CONTEXT,Rapid-acting antidepressant context,results/reference/FINAL_MODEL_STATUS.csv,103,Accepted current numerical output
RAPID_ACTING_ANTIDEPRESSANT_CONTEXT__AVERAGE_LINKAGE,pairwise_rms,AVERAGE_LINKAGE_HIERARCHICAL_CLUSTERING,CURRENT_SUCCESS,PASS,,3.0,,,,,,,,"Ketamine, pooled parent; Ketamine, confirmed racemate; Scopolamine",Dextromethorphan,,,,,,,RAPID_ACTING_ANTIDEPRESSANT_CONTEXT,Rapid-acting antidepressant context,results/reference/FINAL_MODEL_STATUS.csv,104,Accepted current numerical output
SEROTONERGIC_PSYCHOACTIVE_CONTEXT__JOINT_CONTINUOUS_PCA,strict18_common_rhr,EM_SVD_MISSINGNESS_AWARE_PCA,CURRENT_SUCCESS,PASS_WITH_LIMITATION,EM-SVD did not meet convergence tolerance; point estimate retained,11.0,702.0,10.0,2.0,0.9830568563697518,300.0,False,0.08835006538889,"Ketamine, pooled parent; Ketamine, confirmed racemate; Chlorpromazine; Clozapine; Lysergide (LSD); Mirtazapine; Olanzapine; Psilocin; Psilocybin; Risperidone; Ziprasidone",,,,,,,,SEROTONERGIC_PSYCHOACTIVE_CONTEXT,Serotonergic psychoactive context,results/reference/FINAL_MODEL_STATUS.csv,105,Accepted current numerical output; retained limitation is recorded in reason/convergence fields
SEROTONERGIC_PSYCHOACTIVE_CONTEXT__FIXED_REFERENCE_PCA,strict18_common_rhr,FROZEN_REFERENCE_EM_SVD_PCA_WITH_WLS_QUERY_PROJECTION,CURRENT_SUCCESS,PASS_WITH_LIMITATION,EM-SVD did not meet convergence tolerance; point estimate retained,9.0,414.0,8.0,2.0,0.974757107290588,300.0,False,0.093953034962075,Chlorpromazine; Clozapine; Lysergide (LSD); Mirtazapine; Olanzapine; Psilocin; Psilocybin; Risperidone; Ziprasidone,,,,ESTIMATED; ESTIMATED,"[{'compound': 'Ketamine, pooled parent', 'status': 'ESTIMATED', 'observed_features': 414, 'condition_number': 1.0000000000000007, 'coordinates': [-3.22918531258049, 1.0039724949890414], 'projection_rmse': 0.1458385158959418}, {'compound': 'Ketamine, confirmed racemate', 'status': 'ESTIMATED', 'observed_features': 180, 'condition_number': 1.4613640946914401, 'coordinates': [9.378224795589674, 0.4066990826924144], 'projection_rmse': 0.16680316703667936}]",Chlorpromazine; Clozapine; Lysergide (LSD); Mirtazapine; Olanzapine; Psilocin; Psilocybin; Risperidone; Ziprasidone,False,SEROTONERGIC_PSYCHOACTIVE_CONTEXT,Serotonergic psychoactive context,results/reference/FINAL_MODEL_STATUS.csv,106,Accepted current numerical output; retained limitation is recorded in reason/convergence fields
SEROTONERGIC_PSYCHOACTIVE_CONTEXT__TARGET_LEVEL_PCA,target_mean_common_rhr,TARGET_LEVEL_EM_SVD_PCA,CURRENT_SUCCESS,PASS_WITH_LIMITATION,EM-SVD did not meet convergence tolerance; point estimate retained,11.0,39.0,10.0,2.0,0.9843393696796292,300.0,False,0.0432517444871875,"Ketamine, pooled parent; Ketamine, confirmed racemate; Chlorpromazine; Clozapine; Lysergide (LSD); Mirtazapine; Olanzapine; Psilocin; Psilocybin; Risperidone; Ziprasidone",,,,,,,,SEROTONERGIC_PSYCHOACTIVE_CONTEXT,Serotonergic psychoactive context,results/reference/FINAL_MODEL_STATUS.csv,107,Accepted current numerical output; retained limitation is recorded in reason/convergence fields
SEROTONERGIC_PSYCHOACTIVE_CONTEXT__SPARSE_FINGERPRINT_PCA,alpha001_binary_0_1_NA,SUPPORT_AWARE_SPARSE_FINGERPRINT_EM_SVD_PCA,CURRENT_SUCCESS,PASS_WITH_LIMITATION,EM-SVD did not meet convergence tolerance; point estimate retained,11.0,14.0,10.0,2.0,0.904475674008178,300.0,False,0.2031890175851395,"Ketamine, pooled parent; Ketamine, confirmed racemate; Chlorpromazine; Clozapine; Lysergide (LSD); Mirtazapine; Olanzapine; Psilocin; Psilocybin; Risperidone; Ziprasidone",,,,,,,,SEROTONERGIC_PSYCHOACTIVE_CONTEXT,Serotonergic psychoactive context,results/reference/FINAL_MODEL_STATUS.csv,108,Accepted current numerical output; retained limitation is recorded in reason/convergence fields
SEROTONERGIC_PSYCHOACTIVE_CONTEXT__RMS_PCOA,pairwise_rms,PCOA,CURRENT_SUCCESS,PASS,,10.0,,6.0,2.0,0.891453499118307,,,,"Ketamine, pooled parent; Chlorpromazine; Clozapine; Lysergide (LSD); Mirtazapine; Olanzapine; Psilocin; Psilocybin; Risperidone; Ziprasidone","Ketamine, confirmed racemate",,,,,,,SEROTONERGIC_PSYCHOACTIVE_CONTEXT,Serotonergic psychoactive context,results/reference/FINAL_MODEL_STATUS.csv,109,Accepted current numerical output
SEROTONERGIC_PSYCHOACTIVE_CONTEXT__WEIGHTED_MDS,pairwise_rms,WEIGHTED_METRIC_MDS,CURRENT_SUCCESS,PASS,,10.0,,,2.0,,,,,"Ketamine, pooled parent; Chlorpromazine; Clozapine; Lysergide (LSD); Mirtazapine; Olanzapine; Psilocin; Psilocybin; Risperidone; Ziprasidone","Ketamine, confirmed racemate",0.1108184334918319,20260813.0,,,,,SEROTONERGIC_PSYCHOACTIVE_CONTEXT,Serotonergic psychoactive context,results/reference/FINAL_MODEL_STATUS.csv,110,Accepted current numerical output
SEROTONERGIC_PSYCHOACTIVE_CONTEXT__AVERAGE_LINKAGE,pairwise_rms,AVERAGE_LINKAGE_HIERARCHICAL_CLUSTERING,CURRENT_SUCCESS,PASS,,10.0,,,,,,,,"Ketamine, pooled parent; Chlorpromazine; Clozapine; Lysergide (LSD); Mirtazapine; Olanzapine; Psilocin; Psilocybin; Risperidone; Ziprasidone","Ketamine, confirmed racemate",,,,,,,SEROTONERGIC_PSYCHOACTIVE_CONTEXT,Serotonergic psychoactive context,results/reference/FINAL_MODEL_STATUS.csv,111,Accepted current numerical output
TYPICAL_ANTIPSYCHOTICS__JOINT_CONTINUOUS_PCA,strict18_common_rhr,EM_SVD_MISSINGNESS_AWARE_PCA,CURRENT_SUCCESS,PASS_WITH_LIMITATION,EM-SVD did not meet convergence tolerance; point estimate retained,4.0,684.0,3.0,2.0,0.994171794432608,300.0,False,0.0418598845116171,"Ketamine, pooled parent; Ketamine, confirmed racemate; Chlorpromazine; Haloperidol",,,,,,,,TYPICAL_ANTIPSYCHOTICS,Typical antipsychotics,results/reference/FINAL_MODEL_STATUS.csv,112,Accepted current numerical output; retained limitation is recorded in reason/convergence fields
TYPICAL_ANTIPSYCHOTICS__FIXED_REFERENCE_PCA,strict18_common_rhr,FROZEN_REFERENCE_PCA,NONESTIMABLE,NOT_ESTIMABLE,Fewer than three numerical external reference compounds,4.0,,,,,,,,"Ketamine, pooled parent; Ketamine, confirmed racemate; Chlorpromazine; Haloperidol",,,,,,,,TYPICAL_ANTIPSYCHOTICS,Typical antipsychotics,results/reference/FINAL_MODEL_STATUS.csv,113,No estimable current numerical output; model was not forced
TYPICAL_ANTIPSYCHOTICS__TARGET_LEVEL_PCA,target_mean_common_rhr,TARGET_LEVEL_EM_SVD_PCA,CURRENT_SUCCESS,PASS_WITH_LIMITATION,EM-SVD did not meet convergence tolerance; point estimate retained,4.0,38.0,3.0,2.0,0.9935502432848624,300.0,False,0.0223847452234935,"Ketamine, pooled parent; Ketamine, confirmed racemate; Chlorpromazine; Haloperidol",,,,,,,,TYPICAL_ANTIPSYCHOTICS,Typical antipsychotics,results/reference/FINAL_MODEL_STATUS.csv,114,Accepted current numerical output; retained limitation is recorded in reason/convergence fields
TYPICAL_ANTIPSYCHOTICS__SPARSE_FINGERPRINT_PCA,alpha001_binary_0_1_NA,SUPPORT_AWARE_SPARSE_FINGERPRINT_EM_SVD_PCA,CURRENT_SUCCESS,PASS_WITH_LIMITATION,EM-SVD did not meet convergence tolerance; point estimate retained,4.0,11.0,3.0,2.0,0.998754990351224,300.0,False,0.0397382506522082,"Ketamine, pooled parent; Ketamine, confirmed racemate; Chlorpromazine; Haloperidol",,,,,,,,TYPICAL_ANTIPSYCHOTICS,Typical antipsychotics,results/reference/FINAL_MODEL_STATUS.csv,115,Accepted current numerical output; retained limitation is recorded in reason/convergence fields
TYPICAL_ANTIPSYCHOTICS__RMS_PCOA,pairwise_rms,PCOA,CURRENT_SUCCESS,PASS,,4.0,,3.0,2.0,0.991995627032834,,,,"Ketamine, pooled parent; Ketamine, confirmed racemate; Chlorpromazine; Haloperidol",,,,,,,,TYPICAL_ANTIPSYCHOTICS,Typical antipsychotics,results/reference/FINAL_MODEL_STATUS.csv,116,Accepted current numerical output
TYPICAL_ANTIPSYCHOTICS__WEIGHTED_MDS,pairwise_rms,WEIGHTED_METRIC_MDS,CURRENT_SUCCESS,PASS,,4.0,,,2.0,,,,,"Ketamine, pooled parent; Ketamine, confirmed racemate; Chlorpromazine; Haloperidol",,8.492029567466077e-05,20260813.0,,,,,TYPICAL_ANTIPSYCHOTICS,Typical antipsychotics,results/reference/FINAL_MODEL_STATUS.csv,117,Accepted current numerical output
TYPICAL_ANTIPSYCHOTICS__AVERAGE_LINKAGE,pairwise_rms,AVERAGE_LINKAGE_HIERARCHICAL_CLUSTERING,CURRENT_SUCCESS,PASS,,4.0,,,,,,,,"Ketamine, pooled parent; Ketamine, confirmed racemate; Chlorpromazine; Haloperidol",,,,,,,,TYPICAL_ANTIPSYCHOTICS,Typical antipsychotics,results/reference/FINAL_MODEL_STATUS.csv,118,Accepted current numerical output
