path	git_mode	bytes	sha256
.gitattributes	100644	217	4AA2658F12003DF42FFAA80EA841DEC717B05AA8BEF4C8390F7A28938F67F300
.github/ISSUE_TEMPLATE/bug_report.yml	100644	1140	09045D0B9E6DD07C93814D2E9B6222D53EB85E8A308C113C2A2ACD6662689712
.github/ISSUE_TEMPLATE/config.yml	100644	439	68BA8AF7F394AD9F53AD378C522F21B7D1849C6E9A89347A0CE57E933F350010
.github/ISSUE_TEMPLATE/documentation_issue.yml	100644	512	E469288C4ACAF4EE9067A815A232524639FE8DFAAF28F530182AB7CFA609E862
.github/ISSUE_TEMPLATE/feature_request.yml	100644	750	B7E1E242D4C6EF5F27A5D6578785853D66A11D92137C82C864C3BF59021F1A56
.github/ISSUE_TEMPLATE/reproducibility_failure.yml	100644	1312	C4784488889F9D0C8EC379515D6FA9930F09D2C62C8EE9DD560B3AE49CFBABEF
.github/codeql/codeql-config.yml	100644	360	A2A4072DA6024B667778BB3B13A8228F026F797226F39DBB72E4E017EBADFD2B
.github/dependabot.yml	100644	563	4954D69388FFADFD7BDF08F7C68A6276B4FAAC632762D6FD6F9A85B953F15D02
.github/pull_request_template.md	100644	744	AE46F19A1A7998835B2C1FB7F8D38B33EC3A74CE655D2EE36E88E8820DF53F6F
.github/workflows/ci.yml	100644	3716	9CE2F91AC6E358579D89E41343CF869700C7A2F009AA3F8721B73A09D0D47DF0
.github/workflows/codeql.yml	100644	1440	58BB28EC427F5CF3DF2957226BB509E5F28269AA6A01F88DEE87318B18CE9F7A
.github/workflows/dependency-review.yml	100644	747	4EA9093A8D2AAF8E6BF07D1F2425005BB61F1145C1B897DB8969A8DE2A421B82
.gitignore	100644	329	79B4000904D67DA4B25C5CFE3E589724A71A60BE9E828EEED4DC87975CBAA58B
ANALYSIS_REPRODUCIBILITY_MATRIX.csv	100644	5952	DD4F7085FAAFE5DCF7ECAFF679DA354B51174976A6BF194E4CC6725E19E17631
CHANGELOG.md	100644	1335	41A2BF82F6F0F0D0DDBA190CE53717A70E1A4ACC734D14E714469E790CD17411
CITATION.bib	100644	13694	BB93371447E000948CE2C737280EFE0550968706A4D13462DF967216C3634F17
CITATION.cff	100644	1041	BE625E00D08B7B6296812F27B3D7EBCC4D4B0A3A6C3CE6C68C0F95AD2B879E24
CODE_OF_CONDUCT.md	100644	1388	796A69968349B65D0716D90010B0F19FDF53934B1FE244AE9D1681FE9CADD65E
CONTRIBUTING.md	100644	1426	D87249B83E08DD4F5E90D9F74E483EA9EB20085AA863A8F594E9719AB99DB4F5
CURRENT_ANALYSIS_AUTHORITY_MANIFEST.csv	100644	38923	A8ABD5CD781E88DAA95F27C8BDD70B5E199D393258E5B16E49AE754AEA4D52A1
DATA_LICENSE.md	100644	3764	AC780EE4CD6F6B702F2974F7276DE8B374715B23848D7035B098E98C011ED8BB
DATA_MANIFEST.csv	100644	47039	181DEDB48C6193278D447660C8CA8CFC6DEFC9E4D9BA36704EA88783B71D88C8
EXTERNAL_INPUT_MANIFEST.tsv	100644	2604	6C58175EA660D7843F435EE2ACD6B812CC34A6E03288D4BB2ADDB0550BF4248F
LICENSE	100644	1068	32E54FE872237899182B1055BF066CF525020D55934718376EF7465BFA7264A7
MULTIVARIATE_MODEL_STATUS.csv	100644	68773	C9DAAC10045CB98D6AD273897A1F28A42B89F208CB7B157A19FB80A8364C24B4
PUBLIC_RELEASE_DECISIONS.md	100644	6089	66282E846F3DEDD7352A373897F19DDBB514819F83AADEBA51B896EB171BFE86
PUBLIC_RELEASE_FILE_DECISIONS.tsv	100644	112134	77AAC99800819052DC15ACB6DC24C2E5D401F2D3948BF83196A7F5E342D80797
README.md	100644	14202	F84EB625299915EF90FDD703201F68EB63C3B5EC94B91D67A6A89731DFF02F04
RELEASE_NOTES.md	100644	3910	8983AD75E806E92F63670A775BA1E26F336786A3D63332A877C61E187687FBC6
SECURITY.md	100644	885	5E3489FA12725E714E1498C058330C3DC35A9141C16927E4FA1514075CB57675
SUPPORT.md	100644	1015	93B1A41BA73C702CF6A8930EA18B71000D0B10F1216B182CE361870F06926B11
THIRD_PARTY_NOTICES.md	100644	6114	970DE8B8FB7918497438A191FD2000C4F397839976F96E9186CF712451810088
audits/CODE_DOCUMENTATION_AUDIT.md	100644	874	0C75352E8A64E778358894D7AD6B052AC017999789B96ED90180E3549A0EEF5C
audits/CODE_DOCUMENTATION_AUDIT.tsv	100644	111100	0E22FD5DB6ACB530ABDD2F60773FAFD269A9E20B668B7DA5FC52CD2B8BF34BE0
audits/CODE_INVENTORY.csv	100644	36459	43A985B341F1ACAFA81AC43A2785A3326D55F2DB4E6248FCA0191064A8EF0D9C
audits/OUTPUT_CODE_LINEAGE.csv	100644	31998	D3D65E2809F2553824DF1B7E836FEF3E9699C2C51ABB298CB407B7AD236A98C5
audits/PUBLIC_EXPOSURE_AUDIT.md	100644	1601	2459B4150034CE837EA21A49373BD7845E793D13624857F125D44B38F1FFB05E
audits/PUBLIC_EXPOSURE_FINDINGS.tsv	100644	40	B7D6958894087754E9A1AB6C661EF76B4807A236C6A6B5FFF9F8376F0C72D38C
audits/PUBLIC_SCIENTIFIC_EQUIVALENCE.md	100644	4150	085090F5935BFE3ECCE8888B1F56D34673B6A1667F2480062488F0A456967A77
audits/PUBLIC_SCIENTIFIC_EQUIVALENCE.tsv	100644	4880	C88E03D008AA45A5EFEE1CAB2E0BE0C6BB20D3C689B636AC66B8B5B3ECA055E7
audits/REPOSITORY_CONTENT_AUDIT.md	100644	1604	79608F0516C2D708AC3B2B1840890532C6E72C6141B220895A970FD8CB44A699
audits/SOURCE_SELECTION_RECORD.md	100644	4683	DA01B4027BD2D9BE966F1F8F61BA790B17CA9305379F07244E17C43C5E55FB80
audits/SOURCE_SNAPSHOT_MANIFEST.tsv	100644	10407	689CED60961EF51E7414A6871C19EE85CD5C4A281FBE61F2E27EE46866113894
audits/UPSTREAM_REPRODUCIBILITY_BOUNDARIES.csv	100644	10065	C87149AC1FBE7E75636D9189FF9C959996FEA25599982C93082EDFC676D25CE3
audits/UPSTREAM_REPRODUCIBILITY_BOUNDARIES.md	100644	1642	DDCB7D3FC8F8180C0784CC170E9205C41654D20E62D54E37B3B3778966073EF2
configs/analysis_registry.yaml	100644	8310	63CED959C6B0C61520997F0F3A332359AEF2DA98460FE05B904FFA9FCC725F0B
configs/compounds.yaml	100644	5264	39C3F8ED65B07D2007FE461CAA0EA63661E64069A5D476CB0BBA4B6F84C88CC0
configs/governed_parameters.yaml	100644	1303	73095C18D650450F9934F8D57592823923568AFD7738E366BE6A076B94264DF3
configs/reference_drugs.yaml	100644	3787	94B677D3D47AB6D1F1765079875088C8B0FE1CAA141D58F665BEFDBE927C6563
configs/tissues_cns18.yaml	100644	3306	51A8B843CAE944AB35FD1A3EBFBBC937D41F4323A7AF652D0F7FD94DF4AB2BB8
configs/tissues_full77.yaml	100644	9452	9041CCCEDE49B5BA0A841DB58B3D8CEC47A444F95C788D6D2FC12DE6B542FD20
data/fixtures/README.md	100644	1230	7AA50BE55EFE13428C5A3AC3D230081F73AF2457BCDB12E37746A097A9D56D47
data/fixtures/smoke_activity.csv	100644	155	1A4626D28FA94564F966DE87156DBEB963389E4AE0878A8E0EF90EC05EAD7519
data/fixtures/smoke_expression.csv	100644	214	2C5E60D669BF9270B87775C53578286109FE0C7A0DCB234632BD5FA977503691
data/fixtures/smoke_profiles.csv	100644	685	BD444CBAF7E0E7492EB190806D3A43AA2F16676D4D4E65B1BDACFA093CED6D7F
data/frozen/metadata/class_membership.csv	100644	6992	51C98F45A172FCD1EBCCCC9CF2651AA9762435CB768F293DC2E1F559972FDF74
docs/CODE_ARCHITECTURE.md	100644	11528	C51D7A97EF71E3770B78D4DD3159108EAD40C7290F7533F3C3AA6CDE14EA0208
docs/DATA_SOURCES.md	100644	12087	1E1D52A4C5228DB6068A8C5DA665F5BA3E476CCD1A804A0F15DFF193916A7750
docs/DEVELOPER_GUIDE.md	100644	14741	ADCEE2069E9C42C68CE859AE5FABFC6B7A9047639CE5BAA7E9BAA4A6E36E6A3B
docs/ENVIRONMENT.md	100644	2214	31750D78E8C81A30AA13712A551E47C36686D5136490AD14C7AF504C5ED2034D
docs/FULL_MODE.md	100644	6060	313760CF5AC49C5C2BCCE8380F8BB65C7898B445948E0884DAEC6ACDF8980586
docs/METHODS.md	100644	12623	CDEEFB2F2E0412CE4ED996D1348F7BFAFC9E11020A1333583E732C78FDF6DC0C
docs/PROVENANCE.md	100644	8658	8C0BC6C982153E58B913AD4E1C30801D1864FB70B145E397826F9665DE8D3694
docs/REFERENCES.md	100644	9286	A8DD891B7F80DA84C8F03C87C5C96B112B4817A7D9CA23974D555744B0A0A668
docs/REPRODUCIBILITY.md	100644	9979	74210387F7FBE2BD75D9AC3EFC6EB44CBC7875ABF910C4B6038DAED54757C508
docs/figures/ketamine_historeceptomics_workflow.png	100644	688878	0E819BB4C7D8B21C14472EB556499C3E41A3F47DAB5509E50B87AFD2E855C8CA
environment.yml	100644	332	63ED8A92A671A39DEFD4F9CD253EEAAA44A7DA6BFDD1316B3E2383417978DA6F
launchers/Full.ps1	100644	2305	7B718A520E00B9E36D22CC07508759B5133AC9F59F8486C1A6AF17905600116F
launchers/Run.ps1	100644	5997	A2FC5800B8ECCB03EC6095682FB7A9D84B8E8FC835C7AC5B0DA1DD2C75939E82
launchers/Smoke.ps1	100644	893	2D320DA1FFEECA3A99A8309DEEC93A394A7C47334F1698F61F01875BBF4FE11D
launchers/Verify.ps1	100644	1279	B72298C21FE6C5112B030A4BB34C6B46055AACAEC8882237E4F425672C010076
launchers/run_reproduction.ps1	100644	1949	1648ABBD7F74351658F1471C0DAD0B64710E46AA843E18C4AB5251A7367777CC
launchers/validate_release.ps1	100644	1389	1301F075D4516CE0D22F6BF6CD7556177315493C3AD3B1C58C86CC4B8342C451
optional/README.md	100644	1344	AADB6A03FA1C0AAE4BD5703E96A996124A02CA9E5DEB0FB1F1ACFC41770739A1
pyproject.toml	100644	1873	F2B643E505035899276A34D873411750F266A7F742AF1C5E157C79A3905B5680
requirements-lock.txt	100644	744	F1872C232E986D6D8B669C75DE546F752C89EEBBACE9F30593ED5195B268E62E
requirements.txt	100644	25	C5C47ECFBAC90E9CE72B9E8A547F723374DC09AF7DD51685093D122C8199671F
results/reference/FINAL_MODEL_STATUS.csv	100644	54517	81C9E1D9B1527BAA194BF20710E139AA0ADACA91CC136E8EDA968C5936E1CF73
results/reference/FINAL_MULTIVARIATE_AUDIT.csv	100644	43318	2908CFC554C101AD8F6CC1C007A759A521A30187A0E20B126F76ED6C7412A9F8
results/reference/FINAL_QA_SUMMARY.csv	100644	10334	6005FBC040E1C806E9EFB27BAF944C55DAC8DC63F1F447038838A3CEA1E4432A
results/reference/class/CLASS_LOADINGS.csv	100644	3350023	D6597C40EBC00710ECE6507AD14D726FAAF0E6AE1A817FE848060B49DA30EC89
results/reference/class/CLASS_RESIDUALS_LONG.csv	100644	958023	0C94C018CCB73634531280D7AE7269C099672A9E1D8F7F7BC2B3C5FE6C845EC6
results/reference/class/CLASS_SCORES.csv	100644	107385	A4FDF3386138CB86D2F15806447EBC4209FA647A1BE82E466AEE3DBFA8FA6D42
results/reference/class/CLASS_STATUS.csv	100644	41029	AD3B330CD24074994014487D31F07C8D283544AE6FDE3C93069E35A98C1C8D04
results/reference/class/CLASS_SUMMARY.csv	100644	4326	6578577215B8F50A1FE9F375D7DA87D68BC068508247EF4EE0150F1B1A36AAB2
results/reference/family/FAMILY_AVERAGE_LINKAGE.csv	100644	3071	9ED5927D053549B3E566BC25C45472E57569B83C75658409E7DB5A8D1596D346
results/reference/family/FAMILY_COMPLETE_CASE_PCA_LOADINGS.csv	100644	3775	E69FC0F5EAD771571FCA1A971206C46579E7038583A646BCC558275700AC81C6
results/reference/family/FAMILY_COMPLETE_CASE_PCA_SCORES.csv	100644	1833	BA1CB4E6BB6D8FCD492CC68A0ED8713E32965545703A452FC9B53091EA4B1ADA
results/reference/family/FAMILY_JOINT_CONTINUOUS_PCA_LOADINGS.csv	100644	133421	DE7DA22ADDE8FECA54D01A80F2A24DBF707C9CE4BA0E456E3A740488E3961646
results/reference/family/FAMILY_JOINT_CONTINUOUS_PCA_SCORES.csv	100644	1910	BB49FA37D0F70C30B1DB6E6A0A55C720251237CA21D458C8AF7827AA6310CEC5
results/reference/family/FAMILY_MODEL_STATUS.csv	100644	4231	AA3DD6C04A15ADE002B54CF4442343077D6BCC73BF2DE73893CC6C1DA2C492DE
results/reference/family/FAMILY_RMS_DISTANCE_MATRIX.csv	100644	2306	508AB47DEB46F85EFADF5E7083DEAF7E3D61D457B4FC6BCD32D4A8D97F01D6DD
results/reference/family/FAMILY_RMS_DISTANCE_SUBSET_AUDIT.csv	100644	476	D7FD6AA66ED540803C687A1AA88743A0E3D1E8107A97971DBC74D306A5E0357A
results/reference/family/FAMILY_RMS_PCOA_COORDINATES.csv	100644	1351	CCC012F481389A592263532DE88F28E38C5305F02BCC581747A407D07E23340D
results/reference/family/FAMILY_SHARED_TARGET_PCA_LOADINGS.csv	100644	162	E6E8F43835DD3D515276DCD5193A6BD1F2A86F6682DE1767A2B103807F99CC12
results/reference/family/FAMILY_SHARED_TARGET_PCA_SCORES.csv	100644	1446	23E051B12E16325FE2F15C3889635B499460F33E042F87D55CC2717F0E5A4D17
results/reference/family/FAMILY_SPARSE_ALPHA0001_PCA_LOADINGS.csv	100644	3256	9BB5800F582BC93D18B15AF16D14A8A252B36C59395CF81A5C47DCE9B594D2E4
results/reference/family/FAMILY_SPARSE_ALPHA0001_PCA_SCORES.csv	100644	1961	27F2BC339253DB0C16C60B796451C0D1521C2EC7C4C258884B68CA5E8C0B264D
results/reference/family/FAMILY_SPARSE_ALPHA001_PCA_LOADINGS.csv	100644	3646	D2715644CEDA97892A350EE4D391FD9D4A241EF8E050C5CC793ECA576712F4D6
results/reference/family/FAMILY_SPARSE_ALPHA001_PCA_SCORES.csv	100644	1945	0CEE2C04BF7C7C64B84E387E01257396800DA5238B3D5B15440438727C4463DB
results/reference/family/FAMILY_TARGET_LEVEL_PCA_LOADINGS.csv	100644	4617	35CA2F60A052BA82998A7A7B4397313512FA03E312BBF7C44179506F0DFE7FB1
results/reference/family/FAMILY_TARGET_LEVEL_PCA_SCORES.csv	100644	1920	386970FC1B291D9DFC471370EF79B7E02E40A3B145126EAAC6E771F1203F319E
results/reference/family/FAMILY_WEIGHTED_MDS_COORDINATES.csv	100644	924	3D41139D331A3B9967B1132FD0FD7A81FF2CC5B96CCCF7470A6B484E16AC47E1
results/reference/family/KETAMINE_FAMILY_ALL_PAIR_METRICS_FINAL.csv	100644	104448	FF279F96CB5B8C7FBF64370ADD496E91E45DBCE69268D2C1C156ECE10DDA142A
results/reference/figure4/final/FINAL_FIGURE4_CARDOZO_BRIGHT_RIGHTLEGEND.pdf	100644	140894	22AF27D5FB224E011384C16235F21A5419804A457503B7F719C6020A6E1D322C
results/reference/figure4/final/FINAL_FIGURE4_CARDOZO_BRIGHT_RIGHTLEGEND.svg	100644	436480	D5499470890BDA3AFA6416A4925A11594701F8C17786BE35B2262FB89343A99C
results/reference/figure4/final/FINAL_FIGURE4_CARDOZO_BRIGHT_RIGHTLEGEND_600dpi.png	100644	447326	0ACB17DCE9B984FD2DB0C9144E472DD8828BC2523688BBF0DD812CFD7F3105F8
results/reference/figure4/qc/NUMERICAL_QC.json	100644	2514	875F5DCB8110059B9AC906EDFCD664648BFA2E365B580F336D054C752BF8DAF1
results/reference/figure4/qc/VISUAL_LAYOUT_QC.json	100644	1920	44A3840B77DC2443C03DFB7E6D0211E10468D793F129B8E03F69CC9F56FA2101
results/reference/figure4/source_data/FROZEN_GLOBAL_FIXED_REFERENCE_PCA_SCORES.csv	100644	7080	58B7F3231B47EA198ED2235F50F6EA711D21DE40FE24038F1AD26D8824CB99C0
results/reference/figure4/source_data/PALETTE_SPECIFICATION.csv	100644	245	B3FE766160678E67DC582E6058996549994E3D7F046E6CF5904E87D3939842A5
results/reference/figure4/source_data/VALIDATED_FIGURE4_SOURCE_COORDINATES.csv	100644	16780	8A369B7DDD2201E3EBC5A9BA227D67997B2E154B8982238588BF95A4894ED4AA
results/reference/global/ALL_UNORDERED_DRUG_PAIR_METRICS_FINAL.csv	100644	1090292	1E5B037A76F4E25C745C9952E0CE31108FF64936FFF696A5B1BAF8006A603AC7
results/reference/global/GLOBAL_ALPHA0001_CALL_JACCARD_MATRIX.csv	100644	10069	D6CC5D8F8A504BC583A85F70C0B6A7C410A679F99755662A7F16505CE2C55503
results/reference/global/GLOBAL_ALPHA001_CALL_JACCARD_MATRIX.csv	100644	11153	D6F7C9E00A968563BC32629A8DAFC753306D8D827669143952A0162580C48A03
results/reference/global/GLOBAL_ALPHA001_SIGNED_SPARSE_COSINE_MATRIX.csv	100644	12173	1E01C759DC6C8439037C018026F1F107346BEA92AF0F9E23B8CE562009163055
results/reference/global/GLOBAL_AVERAGE_LINKAGE.csv	100644	8179	38743A2831E981CCAAE728DBB5D8ABFF7D24C76D9B60525A64C6D6B8802B61B7
results/reference/global/GLOBAL_FIXED_REFERENCE_PCA_LOADINGS.csv	100644	97733	77C897290FE62EE997C1AE11D661CC0DF773590FE1270833B1BD3ED1F84F570F
results/reference/global/GLOBAL_FIXED_REFERENCE_PCA_SCORES.csv	100644	7116	79CCCB4DFA80C0FFB6F135AE31D5462939EB193A3D95B96AF5C4A922775749C0
results/reference/global/GLOBAL_JOINT_CONTINUOUS_PCA_LOADINGS.csv	100644	163453	E3482737054B6CC60C51F4DFF7DBF782E67565854D765EE42B5625CF44B31CA7
results/reference/global/GLOBAL_JOINT_CONTINUOUS_PCA_SCORES.csv	100644	6090	27160D736BEE860F8AE20A26453EF69AE452DE1F4F0F51991E35C03F397B093E
results/reference/global/GLOBAL_MODEL_STATUS.csv	100644	9623	A32606C98F49603FCC3AE027FDA20EFB6B54C3A9A69B4ED1FF23550B02E1A12D
results/reference/global/GLOBAL_RMS_DISTANCE_MATRIX.csv	100644	8669	8268EEE453F15CF846F898942A2E27215A290E8CFA60DD236530E60B95D50081
results/reference/global/GLOBAL_RMS_DISTANCE_SUBSET_AUDIT.csv	100644	1545	C550A4658E90BC3F2C78752288E49D22E5B16F9E6F73D15D765BC8AE29973B01
results/reference/global/GLOBAL_RMS_PCOA_COORDINATES.csv	100644	2422	71A2B622AC1BBAFE5A6C660BB1EA3F2C4BBFDFEF23EAA71ECD648522B0159E2A
results/reference/global/GLOBAL_SPARSE_ALPHA0001_PCA_LOADINGS.csv	100644	5410	B07F45C4877762EF157B4C85D464716FC6AAD0BA8D7244B8A722C79572FB53C9
results/reference/global/GLOBAL_SPARSE_ALPHA0001_PCA_SCORES.csv	100644	6239	6989DF9C3D92A250458184EFFF21285276A0743A56017B86FC15C0321EF89EF8
results/reference/global/GLOBAL_SPARSE_ALPHA001_PCA_LOADINGS.csv	100644	6404	14B6A083ABE2865F47B4AA9CF3A3BD62BC98B99A600A53F0FBA8F334E9272F60
results/reference/global/GLOBAL_SPARSE_ALPHA001_PCA_SCORES.csv	100644	6159	1D3A59C6F427F44B6B5DF5ACDC5F65EBCB245626253DBB220A588A1ACCB2A932
results/reference/global/GLOBAL_TARGET_LEVEL_PCA_LOADINGS.csv	100644	5425	7EF6F6431C54DD7FFB7E8951324A14C650A0F051D204FFD003576B0D96B8D379
results/reference/global/GLOBAL_TARGET_LEVEL_PCA_SCORES.csv	100644	6049	55667CABC905528EB66C39E20C7C3E16C436196755E07FD9B86F1068F1BCC191
results/reference/global/GLOBAL_WEIGHTED_MDS_COORDINATES.csv	100644	1648	098A4A49E041ADBEE924816206BB9405C8CF3DD84A558E5ED7CA443F38E69446
results/reference/whole_body/CNS_SMOKE_TEST.json	100644	293	16941D78187F15FFACDDD6B89C641F7184F875E7C4704CE4DF53EA613BC05541
results/reference/whole_body/KETAMINE_WHOLE_BODY_FINGERPRINT_ALPHA_0p0001.csv	100644	22101	F78C8D209F663C2C7AE077118E9CEF96C035DA6FD8D4F27CF4AB95031211C147
results/reference/whole_body/KETAMINE_WHOLE_BODY_FINGERPRINT_ALPHA_0p001.csv	100644	34127	ABB2AA0BC6E3343E0EEDA91CCA9B0699356C770542B9B7B1FF9976F86EEB9A0E
results/reference/whole_body/KETAMINE_WHOLE_BODY_FINGERPRINT_SUMMARY_METRICS.csv	100644	682	30F72624E1EEF5CBD095B9D4DDAE7E2125914A90A40ECFF5F942129A9F8682A7
results/reference/whole_body/QC_RESULTS.json	100644	1213	044B2EBE4FFCD2F85784877CCC09AC97AFCED428E1A082E7057090FD89107707
scripts/audit_code_documentation.py	100644	22511	E904B977810C83254789B99F4AE30AECC149DF31FCC02005A5BBD3117670C6F3
scripts/audit_repository.py	100644	14792	1CF107542D93F4E2C6D311CD1D45E01B12F2F7EC48BFB25291528343B3216CDC
scripts/build_release_manifests.py	100644	5671	A6FEA3955A3FC42F7401B53C5CC1C2234AE6BE6644947DEDE6FB6B69B32FE58F
scripts/build_repository_metadata.py	100644	12631	816889450111208242AF41C8A567BBF022C8D1EBDCC367E1E244344724A04599
scripts/compare_executable_ast.py	100644	8396	B2D8B87978488B651F8289FAB1868E529B0F4CDFAC317D78ACF26AB42D129C6E
src/cardozo_ketamine_hr/__init__.py	100644	557	5AAF81A4B25E0140E953A128A730E103725B38BF4672E9D2EB9FE731A220F5E2
src/cardozo_ketamine_hr/__main__.py	100644	620	9E87D2B5CA08EF4DED078A6953C1F816C4C2A08613D7FBAA8B59656B46C301F5
src/cardozo_ketamine_hr/activity.py	100644	5029	75FA7F0E64BD6D9EE3ABB6975B5C78D6C032DCFD8AD772C3A4E7628987AD9C6C
src/cardozo_ketamine_hr/authority_discovery.py	100644	7328	53F8FB06A27AAE7D1966B0E00E8F673CF96CE77608157153122518241ABD6ED9
src/cardozo_ketamine_hr/class_analysis.py	100644	15135	C00F0E3C647639D68DAEF693C356FC13ED91C2FC55C66FD0516CDC5B065D7C4A
src/cardozo_ketamine_hr/coverage_diagnostics.py	100644	2897	EC174D23BB6133C8830240FD4FFC3DD1DD94B5B044A9081B0BDF774D40C29D0C
src/cardozo_ketamine_hr/expression.py	100644	5929	00EDFE72880F01876F8318210F5835C54A431913675AEFE64BD7BF52C30FBDB6
src/cardozo_ketamine_hr/family_analysis.py	100644	4705	D235F390DD6DE94841C81D55DA25A6A79A9991600FF1DFE39267E87E13EE1089
src/cardozo_ketamine_hr/family_completion.py	100644	21824	D9C8D94D361F07E87402E2F885C2B67908EAD8F0813D889AEBCD26BF77E75648
src/cardozo_ketamine_hr/figure_repair.py	100644	5294	AB99648ABDF515811C19E0BE3602836B5D1E68760FD521552340E5746ED5BF23
src/cardozo_ketamine_hr/figures.py	100644	17068	65DF8568D086073BC79B97C85AD779483C91887F5C31AEBDE1E8724558D3478F
src/cardozo_ketamine_hr/final_audit.py	100644	119410	13062D2F3DAF70CE9882A7061C2B47AFAAAAFF2D0A2BC8652310C782A613A969
src/cardozo_ketamine_hr/fingerprint.py	100644	7316	03E18FFE0E19EF19E5884372E85E9737C683C529165C7BC1DABAE819794C5303
src/cardozo_ketamine_hr/gpu_backend.py	100644	2928	7DC0FA2BD0F59A9F56CE0BCF475B1C164A56A5A86107C11CFAB3934C0E575FE5
src/cardozo_ketamine_hr/hr.py	100644	6173	89FD857FE8117CDA27AB7D15CA97E50C08ABFA0C771006C7FE4D0AAC70FAE9E7
src/cardozo_ketamine_hr/identity.py	100644	6853	747307621799F7F93A67771B7F854467195D281466EA6045D41E0CE16E2CAD02
src/cardozo_ketamine_hr/independent_validation.py	100644	11516	1BD42ABC3695CA0BD05BB0266EE90A54E42814495C37FFF5601F7153F302BBBF
src/cardozo_ketamine_hr/multivariate.py	100644	24440	8505B638152250B4A86A1297D403CC93DB32BE911B561D6588FFD81D60B51283
src/cardozo_ketamine_hr/nearest_reference.py	100644	5322	1FE64FA4AEA00F018FBE6526A319D54C7F7813FF7AFF0E1737C5A51C526E5783
src/cardozo_ketamine_hr/packaging.py	100644	8129	BEC0F3453907BEB8DA837479645E3EF0E2ED3B3A0E63B58FEA301CF67F2AE7D0
src/cardozo_ketamine_hr/pairwise_continuous.py	100644	9766	D73B9432FD4C37125FE60F881C09EB819A29F890AE0D5EBFDC05462C3306E72C
src/cardozo_ketamine_hr/pairwise_fingerprint.py	100644	8713	BFF725618DB8D57AC98DBF6335FA9DB7DDEA0AAE4D682E74D956BA166272DF1C
src/cardozo_ketamine_hr/pipeline.py	100644	82304	63CD8537A5A1B03449AD741F237BB9F335C902B6F205C08EE51DFEDF189FCB2F
src/cardozo_ketamine_hr/portable.py	100644	98955	871A1E8007DB6FB1C756B7FC1FDD0453FDAC5913E50CF23306AF6810465FFEB8
src/cardozo_ketamine_hr/qa.py	100644	6643	E8DEAA531014BA5F0E721FD6711B52F57A1A9AF96E1BB542A12B474CE492A717
src/cardozo_ketamine_hr/query_freeze.py	100644	14346	5DEA44C373707BAF2423D6630DB432317B572C32042CBAA35B288A740CED55F7
src/cardozo_ketamine_hr/residual_analysis.py	100644	3575	59497A282DCACFA86B1D806876A3B0181A15159E120AD3A369E6A77B73318CB5
src/cardozo_ketamine_hr/resource_manager.py	100644	9123	6DAC849419732785F536D27A3EE86FC8BB59ED333833167D93EA80B61B075CC4
src/cardozo_ketamine_hr/tables.py	100644	9811	C8F57DECB73BF7B16A9B03DFB771500BC74567C0D1B9850A49FD873BAFB50FA7
src/cardozo_ketamine_hr/targets.py	100644	6708	A4F44E85D52118A49502EE2759B73A17BD540C2F224ACECB6D885D789D032D84
src/cardozo_ketamine_hr/tissue_normalization.py	100644	3363	9939C7D4E633444576021919B0CC58DCA679BDBEC74E268D9258CB7BF026EE6E
src/cardozo_ketamine_hr/upstream/audit_recover_missing38_biogas_expression_v1.py	100644	40430	EC7C1CE9CDCB5E8B81E86056B8575CB15881F3540954A10E8B23FAB9568331B0
src/cardozo_ketamine_hr/upstream/cleanup_pooled_parent_ketamine_activity_v2.py	100644	64498	8A2F32FA9E0E8E6D9CA0A57E64BCC29B4CDB41D282208A54C434B46563BAFF9D
src/cardozo_ketamine_hr/upstream/figure4_rightlegend_authority.py	100644	18318	0C2860E803E2BDB74657611C0DB0075B8CC453C9CCCA6697791959761E2AAA8F
src/cardozo_ketamine_hr/upstream/finalize_pooled_parent_ketamine_activity_v4.py	100644	20912	F01B5D7DD0B3CC1295507D901706E41D139A7B5C44A7C844BAB01661DC67A741
src/cardozo_ketamine_hr/upstream/forensic_finalize_pooled_parent_ketamine_activity_v3.py	100644	47729	F2EA1A22B2DAB55267E65DED6DAE23645EEC1A962FD7A7C61B44B3B6EA8C2A91
src/cardozo_ketamine_hr/upstream/generate_pooled_parent_ketamine_expanded58_hr_v2.py	100644	35678	CFDC40D395C45CD5C7A0D5B381119DE33FC98F11177865DCFCDEC3CCAA0B8AC4
src/cardozo_ketamine_hr/upstream/generate_pooled_parent_ketamine_full_hr_v1.py	100644	38869	49DFAF91251C28CC67E09D3403B849A839D6680D39C207C2BCAE718A0D3820A2
src/cardozo_ketamine_hr/upstream/generate_pooled_parent_ketamine_strict18_fingerprint_v1.py	100644	32137	67E4DCAE8F6CBC412527CD2AD0BDE0D57DCF6AFD199EC3F4D90EE66D769F1034
src/cardozo_ketamine_hr/upstream/whole_body_fingerprint_authority.py	100644	33715	438C00EFE2632D1F9F6F7F3EEC54EE6AFD5ACDA879183E004C54EC76EB6A81FD
src/cardozo_ketamine_hr/utilities.py	100644	7852	C11BA3BDEBEB7FA96E706F9C5C5A43A767F3F771923DE8F67BFCD9C59BD3BD91
tests/conftest.py	100644	4044	1F9BED1E268BF50DA63CE96ECE6FAC298BBAE3044406ED1E18400DBA73700935
tests/test_activity_normalization.py	100644	1967	7A50BF4290287985D3863A2BB3A31B4525E8355E1C6F63757CB9A409CA10966E
tests/test_compound_identity_separation.py	100644	602	D0EDD6BD7CF536DF65BF5797361AEFE21DC3C607644C07B7BE0BA7D2DFC836F7
tests/test_cpu_gpu_equivalence.py	100644	550	FCD5465E6205C444105B825CD1D3CFDE835B67EA2ACBDA95B79B104A989776FD
tests/test_expression_standardization.py	100644	1801	8CD311411FDC9EAF911B99EE361BB9890F9FCB98A47312BCE0882B282F7BBD7D
tests/test_external_reuse.py	100644	1782	71FF0FD12B0E04B036C0F1F42667714F5D74F9808BF9575606D80557661F9976
tests/test_final_family_completion.py	100644	3270	8A84B87AF9AAA735E02A771EB14650647AA736786FC04052455AC4BFC4B984A0
tests/test_fixed_reference_projection.py	100644	1312	A8CD3478C0A7A2B7AFB5E61058D8CC35D048078E64B85DCAAB5F1B07A2712633
tests/test_gesd_regression.py	100644	2754	9D33D9F6FF7B7922D31710640DC1812B95D2477121C6278728A61F22F2F3CBA5
tests/test_governance_configs.py	100644	3967	B40042F536070AACB2C36126D03926D3DF4FF7F0D0FCB1EB0A763685736ED3BC
tests/test_governance_statuses.py	100644	2639	76A590058B22AB5D94D26C0BB406E86D4676FA680B48FEF1653D259ED89AC248
tests/test_heatmap_call_count.py	100644	915	4A3000F8AE64C93E1FF18226D2B7E6EDFB380A25CCA4842A5AA3162AE5A3A439
tests/test_hr_construction.py	100644	2899	5614B7F162BF86ECB69024875C889389B539728B93B3897A26D656A1013C0745
tests/test_identity_resolution.py	100644	2070	DAB3C2CD18DAED560B202CCDA213AE3DC6539BC194366B677B6214AFDA358E2C
tests/test_multivariate_rank_handling.py	100644	499	82E39DEF3F611360EED216B8018C01E1BB0F2C59AAD32D2089F8B8D5A3B314AB
tests/test_pairwise_metrics.py	100644	1283	9CC633CDAD2D824B8BFF0668281C03396AB27D3BB408EE204CBFF20597C73EC2
tests/test_pooled_authority_counts.py	100644	770	38F3294176337337F558B6B8A4FC39AAFD415D712EFD0BD830BC0F8F703A4330
tests/test_portable_release_outputs.py	100644	18086	E1A1A1579FDAA92DB90ABA53E11B2A2F5B7C604E0F3A4F833CAB45EF2AF44C2A
tests/test_resource_limits.py	100644	619	C3194FEA5164CBE0994C5891F02312A7A771CE0BD05B91F954C87A2F5DBB4CA7
tests/test_target_mapping.py	100644	1790	AF9F501ADBFF0F1A33301A01246157AA3757493AE01F9817E5B345D8266B8BC3
workflow/Snakefile	100644	708	4D1009A8A46CC5099ADDD551FEAC4A75E144D36F03CC93CE5243ADF7B9A02F2B
