analysis_id,feature_id,representation,target,tissue,PC1_loading,PC2_loading
GLOBAL_TARGET_LEVEL_PCA,ACHE,target_mean_common_rhr,ACHE,TARGET_LEVEL_MEAN,-0.2595120085871525,-0.07106736468409505
GLOBAL_TARGET_LEVEL_PCA,ADORA1,target_mean_common_rhr,ADORA1,TARGET_LEVEL_MEAN,-0.14593818857907107,-0.17205292223477983
GLOBAL_TARGET_LEVEL_PCA,ADORA3,target_mean_common_rhr,ADORA3,TARGET_LEVEL_MEAN,-0.0902125209137908,0.12391209785112894
GLOBAL_TARGET_LEVEL_PCA,ADRA1A,target_mean_common_rhr,ADRA1A,TARGET_LEVEL_MEAN,0.09600109919025632,0.21683273886358556
GLOBAL_TARGET_LEVEL_PCA,ADRA2A,target_mean_common_rhr,ADRA2A,TARGET_LEVEL_MEAN,-0.004536705818008537,0.23934945017979659
GLOBAL_TARGET_LEVEL_PCA,ADRA2B,target_mean_common_rhr,ADRA2B,TARGET_LEVEL_MEAN,-0.09725386509302526,0.16222305741179877
GLOBAL_TARGET_LEVEL_PCA,ADRA2C,target_mean_common_rhr,ADRA2C,TARGET_LEVEL_MEAN,0.0019204419586422523,0.10914418235657056
GLOBAL_TARGET_LEVEL_PCA,ADRB1,target_mean_common_rhr,ADRB1,TARGET_LEVEL_MEAN,-0.13344085508475048,0.12717351795948803
GLOBAL_TARGET_LEVEL_PCA,ADRB2,target_mean_common_rhr,ADRB2,TARGET_LEVEL_MEAN,-0.2065191301318152,0.14134239842123625
GLOBAL_TARGET_LEVEL_PCA,AR,target_mean_common_rhr,AR,TARGET_LEVEL_MEAN,-0.10097859457282883,0.1579279028512859
GLOBAL_TARGET_LEVEL_PCA,BCHE,target_mean_common_rhr,BCHE,TARGET_LEVEL_MEAN,-0.08386386873972904,0.11343760244702246
GLOBAL_TARGET_LEVEL_PCA,CACNA1C,target_mean_common_rhr,CACNA1C,TARGET_LEVEL_MEAN,-0.09984504569500056,0.15480625365892586
GLOBAL_TARGET_LEVEL_PCA,CCKAR,target_mean_common_rhr,CCKAR,TARGET_LEVEL_MEAN,-0.08255710762914621,-0.097330189973877
GLOBAL_TARGET_LEVEL_PCA,CHRM2,target_mean_common_rhr,CHRM2,TARGET_LEVEL_MEAN,-0.006435972472950272,0.1900764060430629
GLOBAL_TARGET_LEVEL_PCA,CHRM3,target_mean_common_rhr,CHRM3,TARGET_LEVEL_MEAN,0.026819168015535855,0.048469633368815865
GLOBAL_TARGET_LEVEL_PCA,CNR1,target_mean_common_rhr,CNR1,TARGET_LEVEL_MEAN,-0.32819765009064833,0.04234926302573014
GLOBAL_TARGET_LEVEL_PCA,DRD1,target_mean_common_rhr,DRD1,TARGET_LEVEL_MEAN,-0.2716306747641091,-0.027392112006156683
GLOBAL_TARGET_LEVEL_PCA,DRD2,target_mean_common_rhr,DRD2,TARGET_LEVEL_MEAN,0.1555195554991171,0.18768319436123115
GLOBAL_TARGET_LEVEL_PCA,DRD3,target_mean_common_rhr,DRD3,TARGET_LEVEL_MEAN,0.3223378112221906,0.3834821582751007
GLOBAL_TARGET_LEVEL_PCA,ESR1,target_mean_common_rhr,ESR1,TARGET_LEVEL_MEAN,-0.09578842716424142,0.128374700493766
GLOBAL_TARGET_LEVEL_PCA,GABRA1,target_mean_common_rhr,GABRA1,TARGET_LEVEL_MEAN,0.07226806314036548,-0.16687607368307114
GLOBAL_TARGET_LEVEL_PCA,GRIN1,target_mean_common_rhr,GRIN1,TARGET_LEVEL_MEAN,-0.007616288319411005,-0.026561114200369617
GLOBAL_TARGET_LEVEL_PCA,GRIN2A,target_mean_common_rhr,GRIN2A,TARGET_LEVEL_MEAN,-0.00581584493532239,-0.04175346659177788
GLOBAL_TARGET_LEVEL_PCA,GRIN2B,target_mean_common_rhr,GRIN2B,TARGET_LEVEL_MEAN,-0.0840608583171894,0.21305468218246337
GLOBAL_TARGET_LEVEL_PCA,GRIN2C,target_mean_common_rhr,GRIN2C,TARGET_LEVEL_MEAN,-0.06434228142165978,0.08970974572693063
GLOBAL_TARGET_LEVEL_PCA,GRIN2D,target_mean_common_rhr,GRIN2D,TARGET_LEVEL_MEAN,-0.12775796556910962,0.17812757571783233
GLOBAL_TARGET_LEVEL_PCA,GRIN3A,target_mean_common_rhr,GRIN3A,TARGET_LEVEL_MEAN,-0.0668051609754299,0.09314363544366072
GLOBAL_TARGET_LEVEL_PCA,HRH1,target_mean_common_rhr,HRH1,TARGET_LEVEL_MEAN,-0.2861024229027033,0.05249192547998833
GLOBAL_TARGET_LEVEL_PCA,HRH2,target_mean_common_rhr,HRH2,TARGET_LEVEL_MEAN,-0.11776316892729892,0.12206744739041335
GLOBAL_TARGET_LEVEL_PCA,HRH3,target_mean_common_rhr,HRH3,TARGET_LEVEL_MEAN,0.01299879089874711,-0.012970397453486986
GLOBAL_TARGET_LEVEL_PCA,HTR1A,target_mean_common_rhr,HTR1A,TARGET_LEVEL_MEAN,0.06359962803697414,0.20259380217504463
GLOBAL_TARGET_LEVEL_PCA,HTR2A,target_mean_common_rhr,HTR2A,TARGET_LEVEL_MEAN,-0.00915849418197009,-0.029686847813113364
GLOBAL_TARGET_LEVEL_PCA,HTR2B,target_mean_common_rhr,HTR2B,TARGET_LEVEL_MEAN,0.1320486596673937,0.31551559795999873
GLOBAL_TARGET_LEVEL_PCA,HTR2C,target_mean_common_rhr,HTR2C,TARGET_LEVEL_MEAN,0.009674827723116952,0.09755785192021431
GLOBAL_TARGET_LEVEL_PCA,KCNH2,target_mean_common_rhr,KCNH2,TARGET_LEVEL_MEAN,-0.053572135515959296,0.14364360912579385
GLOBAL_TARGET_LEVEL_PCA,MAOA,target_mean_common_rhr,MAOA,TARGET_LEVEL_MEAN,-0.10960977572527245,0.1550190959542098
GLOBAL_TARGET_LEVEL_PCA,MC3R,target_mean_common_rhr,MC3R,TARGET_LEVEL_MEAN,-0.33979073726587433,-0.03439437294304402
GLOBAL_TARGET_LEVEL_PCA,OPRD1,target_mean_common_rhr,OPRD1,TARGET_LEVEL_MEAN,-0.29754181598521934,-0.04877065792428954
GLOBAL_TARGET_LEVEL_PCA,OPRK1,target_mean_common_rhr,OPRK1,TARGET_LEVEL_MEAN,-0.06218897916555471,0.1392687757225573
GLOBAL_TARGET_LEVEL_PCA,OPRM1,target_mean_common_rhr,OPRM1,TARGET_LEVEL_MEAN,-0.015425869043366543,0.1514187492694959
GLOBAL_TARGET_LEVEL_PCA,PTGS1,target_mean_common_rhr,PTGS1,TARGET_LEVEL_MEAN,-0.0969575935950994,0.13792750202254236
GLOBAL_TARGET_LEVEL_PCA,SCN4A,target_mean_common_rhr,SCN4A,TARGET_LEVEL_MEAN,-0.06879023693783397,0.133169048694101
GLOBAL_TARGET_LEVEL_PCA,SLC6A2,target_mean_common_rhr,SLC6A2,TARGET_LEVEL_MEAN,-0.274318859286584,0.03844869217296904
GLOBAL_TARGET_LEVEL_PCA,SLC6A3,target_mean_common_rhr,SLC6A3,TARGET_LEVEL_MEAN,-0.0276143012947472,0.13194860041632792
GLOBAL_TARGET_LEVEL_PCA,SLC6A4,target_mean_common_rhr,SLC6A4,TARGET_LEVEL_MEAN,-0.05044594395005283,0.14532894391526624
